Cell_barcode	nFeature_RNA	nCount_RNA	mito.fraction	ribo.fraction
10X_P7_4_AAACCTGCACGACGAA	2062	4679	0	0.172472750587732
10X_P7_4_AAACCTGGTTCCACGG	2038	4328	0	0.17768022181146
10X_P7_4_AAACCTGTCTCGATGA	2024	3851	0	0.11088029083355
10X_P7_4_AAACGGGAGCGCTCCA	1446	3899	0	0.311618363682996
10X_P7_4_AAAGCAAAGTGAATTG	832	1676	0	0.164677804295943
10X_P7_4_AAAGCAACACCGAAAG	929	2080	0	0.303846153846154
10X_P7_4_AAAGTAGTCCCAAGAT	76	1672	0	0.00598086124401914
10X_P7_4_AAATGCCAGTCCATAC	3471	11636	0	0.23822619456858
10X_P7_4_AAATGCCCAGTAAGAT	2775	8797	0	0.0782084801636922
10X_P7_4_AACCATGCACTGTCGG	3053	8619	0	0.196310476853463
10X_P7_4_AACCATGTCTCAACTT	83	2033	0	0.00688637481554353
10X_P7_4_AACGTTGTCCTCATTA	2124	4414	0	0.111463525147259
10X_P7_4_AACTCAGTCACTTCAT	1226	2687	0	0.0591737997767026
10X_P7_4_AACTCTTGTCTTGCGG	1304	2484	0	0.101046698872786
10X_P7_4_AACTCTTGTTCAACCA	2622	7394	0	0.0983229645658642
10X_P7_4_AACTTTCCACGAAGCA	2460	7846	0	0.134718327810349
10X_P7_4_AAGACCTAGTCCCACG	3422	11245	0	0.151800800355714
10X_P7_4_AAGACCTCAGGGTTAG	2285	5309	0	0.195140327745338
10X_P7_4_AAGACCTCAGGTTTCA	1162	2426	0	0.178895300906843
10X_P7_4_AAGACCTTCTCAAACG	2088	5370	0	0.232402234636872
10X_P7_4_AAGACCTTCTTCTGGC	2681	8815	0	0.119682359614294
10X_P7_4_AAGGAGCAGCCAGAAC	2255	7305	0	0.170704996577687
10X_P7_4_AAGGCAGAGCGTTGCC	2503	6428	0	0.138923459863099
10X_P7_4_AAGGCAGAGCTCAACT	764	1547	0	0.137039431157078
10X_P7_4_AAGGCAGGTCACCTAA	2315	5997	0	0.225112556278139
10X_P7_4_AAGGTTCCAGCTATTG	1349	2455	0	0.14786150712831
10X_P7_4_AAGGTTCGTATAGTAG	1529	6251	0	0.216445368741001
10X_P7_4_AAGTCTGGTAAGAGGA	3537	11629	0	0.247226760684496
10X_P7_4_AATCCAGCATGATCCA	1012	1604	0	0.134663341645885
10X_P7_4_AATCCAGTCAGTTAGC	1040	1880	0	0.0696808510638298
10X_P7_4_AATCCAGTCTTGTCAT	3201	9616	0	0.194467554076539
10X_P7_4_AATCGGTAGACAGGCT	3170	8556	0	0.184315100514259
10X_P7_4_ACACCAAAGAAGCCCA	3161	10630	0	0.158419567262465
10X_P7_4_ACACCAACATCTCGCT	2324	6086	0	0.249753532697995
10X_P7_4_ACACCCTCAGTCGATT	2128	5139	0	0.191671531426348
10X_P7_4_ACACCCTTCGAGCCCA	2071	4653	0	0.17558564367075
10X_P7_4_ACACCGGTCTAACTGG	2565	5812	0	0.130247763248451
10X_P7_4_ACACTGACATGCCACG	2692	6523	0	0.20925954315499
10X_P7_4_ACACTGATCAACACGT	2939	7400	0	0.170135135135135
10X_P7_4_ACAGCCGGTAGCGTAG	1046	3475	0	0.409496402877698
10X_P7_4_ACATACGTCACTGGGC	2357	7412	0	0.136265515380464
10X_P7_4_ACATCAGAGAGCCCAA	2566	6922	0	0.235192140999711
10X_P7_4_ACATCAGAGTTTAGGA	2428	7022	0	0.0635146681857021
10X_P7_4_ACATCAGCAGATCCAT	2163	5189	0	0.169589516284448
10X_P7_4_ACATCAGTCTCTTGAT	4093	13912	0	0.203205865439908
10X_P7_4_ACATGGTAGAGTTGGC	238	4737	0	0.0179438463162339
10X_P7_4_ACATGGTAGCTAAGAT	1655	3720	0	0.161021505376344
10X_P7_4_ACATGGTGTAAGTTCC	1140	2496	0	0.0665064102564103
10X_P7_4_ACATGGTTCCACGTGG	2085	5009	0	0.148931922539429
10X_P7_4_ACCCACTAGATATACG	848	1347	0	0.0868596881959911
10X_P7_4_ACCGTAAAGGATGGTC	1280	2392	0	0.0898829431438127
10X_P7_4_ACCGTAACAACTTGAC	2878	8708	0	0.180868167202572
10X_P7_4_ACGAGCCAGCGCTCCA	1052	2412	0	0.0700663349917081
10X_P7_4_ACGAGCCAGCTCTCGG	2526	9700	0	0.0796907216494845
10X_P7_4_ACGAGGATCTCTTGAT	2606	7332	0	0.220403709765412
10X_P7_4_ACGATACAGCCGTCGT	1821	4265	0	0.195545134818288
10X_P7_4_ACGATACCACAGCGTC	2543	6930	0	0.117316017316017
10X_P7_4_ACGATGTAGACAAGCC	195	3762	0	0.00850611376927166
10X_P7_4_ACGATGTCAAACAACA	4541	17858	0	0.229812968977489
10X_P7_4_ACGATGTCATACGCTA	2421	7585	0	0.218325642715887
10X_P7_4_ACGATGTTCTACGAGT	1482	3448	0	0.291763341067285
10X_P7_4_ACGCAGCAGTTACGGG	195	3794	0	0.0100158144438587
10X_P7_4_ACGCCGAAGCCCAACC	2925	8817	0	0.180900533061132
10X_P7_4_ACGCCGATCAGTCAGT	73	1441	0	0.00971547536433033
10X_P7_4_ACGGAGAAGCGATATA	2722	8101	0	0.233551413405752
10X_P7_4_ACGGAGAGTCACACGC	2371	6401	0	0.194813310420247
10X_P7_4_ACGGCCACAACTGCTA	2140	5575	0	0.245919282511211
10X_P7_4_ACGGGCTAGTAGATGT	992	1636	0	0.124083129584352
10X_P7_4_ACGGGCTGTTTGTTTC	2756	7401	0	0.144980408052966
10X_P7_4_ACGGGTCCAGGCTCAC	1256	3474	0	0.329879101899827
10X_P7_4_ACGGGTCGTTGTACAC	1963	4435	0	0.200676437429538
10X_P7_4_ACGTCAATCGCGCCAA	2999	7884	0	0.111237950279046
10X_P7_4_ACTGAGTCACTGCCAG	2124	4663	0	0.176495818142826
10X_P7_4_ACTGAGTTCGACCAGC	2385	6449	0	0.161575438052411
10X_P7_4_ACTGATGAGCTCTCGG	1894	4042	0	0.11850569025235
10X_P7_4_ACTGATGTCGGTTAAC	3119	9714	0	0.169034383364217
10X_P7_4_ACTGCTCAGACCCACC	2261	6501	0	0.258575603753269
10X_P7_4_ACTGCTCAGAGGGCTT	2979	10390	0	0.114821944177093
10X_P7_4_ACTGCTCAGCCTTGAT	3477	11131	0	0.1656634624023
10X_P7_4_ACTGCTCAGCTAGTTC	2669	6454	0	0.171986365044933
10X_P7_4_ACTGCTCGTGCGGTAA	1654	3595	0	0.122948539638387
10X_P7_4_ACTTACTAGAAACCGC	1232	2245	0	0.0552338530066815
10X_P7_4_ACTTGTTCATCCAACA	1753	3462	0	0.0886770652801849
10X_P7_4_ACTTGTTCATGACATC	2913	7761	0	0.190310526993944
10X_P7_4_AGAATAGAGCACGCCT	2553	6096	0	0.203904199475066
10X_P7_4_AGAATAGTCTCTGCTG	2201	5441	0	0.143172210990627
10X_P7_4_AGACGTTTCTCGATGA	2362	5954	0	0.250587840107491
10X_P7_4_AGAGCGAAGCACGCCT	2084	5147	0	0.183019234505537
10X_P7_4_AGAGCGAAGTGTGGCA	3363	11787	0	0.141172478153898
10X_P7_4_AGAGCGACAACACCCG	339	7012	0	0.010125499144324
10X_P7_4_AGAGCGATCAATCACG	2548	7008	0	0.188926940639269
10X_P7_4_AGAGCGATCCGTAGTA	2267	5158	0	0.156068243505235
10X_P7_4_AGAGCTTAGTACGTTC	1815	3822	0	0.189429618001047
10X_P7_4_AGAGTGGAGTCCGTAT	1248	2257	0	0.0824102791315906
10X_P7_4_AGAGTGGCATGCCACG	2165	4712	0	0.150042444821732
10X_P7_4_AGATCTGAGCGATCCC	2537	7198	0	0.180744651292026
10X_P7_4_AGATCTGGTCTCTTTA	2246	7793	0	0.172077505453612
10X_P7_4_AGATCTGTCTGTACGA	1700	3912	0	0.0751533742331288
10X_P7_4_AGCATACGTTACGTCA	2023	4105	0	0.100609013398295
10X_P7_4_AGCGGTCAGTATCTCG	2451	7402	0	0.22750607943799
10X_P7_4_AGCGTCGGTGCAGGTA	3246	10224	0	0.152777777777778
10X_P7_4_AGCTCCTCACTAGTAC	299	5725	0	0.00995633187772926
10X_P7_4_AGCTCTCTCCCAAGTA	2469	5738	0	0.151446497037295
10X_P7_4_AGCTTGAAGGGATGGG	2268	7215	0	0.0722106722106722
10X_P7_4_AGCTTGATCCACGTTC	2501	7009	0	0.112712227136539
10X_P7_4_AGGCCACAGCGCTCCA	2246	6748	0	0.0574985180794309
10X_P7_4_AGGCCACGTATCGCAT	1588	3795	0	0.209486166007905
10X_P7_4_AGGCCACTCGCTTAGA	3143	9505	0	0.221883219358233
10X_P7_4_AGGTCATGTATTCGTG	1459	2929	0	0.213724820757938
10X_P7_4_AGGTCATGTCAGTGGA	2158	5816	0	0.208734525447043
10X_P7_4_AGGTCATGTTACGACT	1494	3066	0	0.148075668623614
10X_P7_4_AGGTCCGCACCACGTG	3190	10477	0	0.252744106137253
10X_P7_4_AGTCTTTCAGTGGGAT	1863	5076	0	0.291371158392435
10X_P7_4_AGTCTTTCATCATCCC	4221	18023	0	0.137823891693947
10X_P7_4_AGTCTTTGTATTACCG	3722	14477	0	0.173102162050149
10X_P7_4_AGTGAGGCACATTCGA	1209	3360	0	0.384821428571429
10X_P7_4_AGTGAGGGTAATCACC	2551	9342	0	0.199850139156498
10X_P7_4_AGTGGGACAGCCTTGG	3590	11366	0	0.155023755058948
10X_P7_4_AGTGGGATCTCTAAGG	2938	7829	0	0.183803806360966
10X_P7_4_AGTGTCAAGCCACCTG	1967	4145	0	0.0969843184559711
10X_P7_4_AGTGTCACACATGGGA	1941	4201	0	0.201856700785527
10X_P7_4_AGTTGGTCAGTTAACC	1721	4294	0	0.272938984629716
10X_P7_4_AGTTGGTGTATCAGTC	2097	4765	0	0.0669464847848898
10X_P7_4_AGTTGGTGTGACTACT	2701	7989	0	0.163975466266116
10X_P7_4_ATAAGAGAGGGCTCTC	2524	5725	0	0.144978165938865
10X_P7_4_ATAAGAGAGTACGCGA	1623	2957	0	0.108555968887386
10X_P7_4_ATAAGAGGTGTGCCTG	1617	3287	0	0.122604198357165
10X_P7_4_ATAGACCTCTCACATT	1124	1882	0	0.0839532412327311
10X_P7_4_ATCACGATCAACACCA	2298	5772	0	0.116597366597367
10X_P7_4_ATCCACCAGAAACCTA	888	2256	0	0.351950354609929
10X_P7_4_ATCCACCGTCGACTAT	3788	12263	0	0.13267552801109
10X_P7_4_ATCCGAACAAGCCCAC	3996	13010	0	0.1380476556495
10X_P7_4_ATCCGAATCAAACCGT	2288	5500	0	0.169636363636364
10X_P7_4_ATCGAGTAGGGTGTTG	1176	2268	0	0.0326278659611993
10X_P7_4_ATCGAGTGTCGAACAG	1535	2990	0	0.0916387959866221
10X_P7_4_ATCTACTAGGAATCGC	2862	9070	0	0.191620727673649
10X_P7_4_ATCTACTAGTGGACGT	2160	5074	0	0.155301537248719
10X_P7_4_ATCTACTGTTGAGTTC	1732	3365	0	0.115601783060921
10X_P7_4_ATCTGCCAGGTGGGTT	3551	10799	0	0.196129271228817
10X_P7_4_ATGAGGGTCGGACAAG	3377	15457	0	0.210648896939898
10X_P7_4_ATGAGGGTCTACTTAC	2084	4738	0	0.137821865766146
10X_P7_4_ATGCGATAGATGCCAG	2753	7017	0	0.157617215334188
10X_P7_4_ATGCGATGTCGCATAT	2134	5679	0	0.1509068497975
10X_P7_4_ATGTGTGTCGGCCGAT	2363	6133	0	0.117886841676178
10X_P7_4_ATTATCCAGACTACAA	4131	14710	0	0.210469068660775
10X_P7_4_ATTATCCCACCGAATT	3137	10705	0	0.130499766464269
10X_P7_4_ATTATCCGTCTTCGTC	1676	3469	0	0.162582876909772
10X_P7_4_ATTCTACCAAACAACA	2833	7232	0	0.131222345132743
10X_P7_4_ATTCTACCATATACCG	2665	7197	0	0.123106850076421
10X_P7_4_ATTCTACTCTCCCTGA	2611	7098	0	0.184840800225416
10X_P7_4_ATTGGACCATGCAATC	3140	9165	0	0.169339879978178
10X_P7_4_ATTGGTGAGAGTACCG	65	1578	0	0.00380228136882129
10X_P7_4_ATTGGTGTCTGAGGGA	4153	14514	0	0.174383354003032
10X_P7_4_ATTTCTGCACCACCAG	2875	10146	0	0.125369603784743
10X_P7_4_ATTTCTGTCCCGGATG	2825	7899	0	0.159767059121408
10X_P7_4_ATTTCTGTCTAGAGTC	1449	3201	0	0.0677913152139956
10X_P7_4_CAACCAACAAGAAGAG	2135	5299	0	0.211926778637479
10X_P7_4_CAACCAACAGCTATTG	1154	1966	0	0.125127161749746
10X_P7_4_CAACCTCCATTAGGCT	2640	6600	0	0.182424242424242
10X_P7_4_CAACTAGCACATAACC	1050	3056	0	0.141034031413613
10X_P7_4_CAACTAGGTTAGATGA	2107	5841	0	0.156651258346174
10X_P7_4_CAACTAGTCCTGTACC	1875	4960	0	0.286693548387097
10X_P7_4_CAAGAAAAGAGAGCTC	1921	4229	0	0.152518325845354
10X_P7_4_CAAGAAAGTATGGTTC	3259	10291	0	0.200952288407346
10X_P7_4_CAAGATCTCACGCGGT	2466	7131	0	0.147665124106016
10X_P7_4_CAAGTTGAGATCTGAA	1263	3179	0	0.309845863479081
10X_P7_4_CAAGTTGCAATCTGCA	1849	4970	0	0.0674044265593561
10X_P7_4_CACAAACAGATGCCAG	3095	7459	0	0.0910309692988336
10X_P7_4_CACAAACTCGCGATCG	3076	9397	0	0.164307757795041
10X_P7_4_CACACAAAGCCCTAAT	2341	6873	0	0.0779863232940492
10X_P7_4_CACACTCAGTGGACGT	331	6637	0	0.00617748982974235
10X_P7_4_CACAGGCGTACTCTCC	3026	9956	0	0.255423865006027
10X_P7_4_CACAGGCGTCGAATCT	3856	13556	0	0.134184125110652
10X_P7_4_CACATAGAGGGATACC	2123	5271	0	0.0971352684500095
10X_P7_4_CACATAGCACACATGT	3419	10403	0	0.204267999615496
10X_P7_4_CACATAGGTCTCTTTA	1988	4487	0	0.141965678627145
10X_P7_4_CACATAGTCCCAAGTA	5203	23870	0	0.142857142857143
10X_P7_4_CACATTTTCTGTCAAG	1828	3801	0	0.0794527755853723
10X_P7_4_CACTCCATCCGCAGTG	1071	2866	0	0.334612700628053
10X_P7_4_CACTCCATCGTGTAGT	2865	7750	0	0.160903225806452
10X_P7_4_CAGAATCAGCTCCTCT	2273	4658	0	0.119364534134822
10X_P7_4_CAGAATCCAATAACGA	2695	7223	0	0.150768378789976
10X_P7_4_CAGAGAGCACCTTGTC	1446	2840	0	0.133098591549296
10X_P7_4_CAGATCAAGAAGGCCT	4135	14080	0	0.126420454545455
10X_P7_4_CAGATCACAGCTGCAC	2626	6905	0	0.154525706010138
10X_P7_4_CAGATCAGTACGCACC	1207	2161	0	0.119389171679778
10X_P7_4_CAGCAGCAGACTAGAT	1224	2076	0	0.0833333333333333
10X_P7_4_CAGCAGCGTGAAAGAG	3350	13979	0	0.111309821875671
10X_P7_4_CAGCAGCGTTGTTTGG	2740	7980	0	0.16203007518797
10X_P7_4_CAGCCGACACAGTCGC	2711	7518	0	0.236632083000798
10X_P7_4_CAGCGACCAAACGCGA	930	1604	0	0.160224438902743
10X_P7_4_CAGCTAACAAGAGTCG	3800	13268	0	0.172068133855894
10X_P7_4_CAGGTGCTCACCACCT	2866	10833	0	0.059447983014862
10X_P7_4_CAGGTGCTCTCCGGTT	2605	6099	0	0.130841121495327
10X_P7_4_CAGTAACAGTGGTAAT	2441	7653	0	0.108584868678949
10X_P7_4_CAGTCCTAGGATTCGG	2603	7456	0	0.0787285407725322
10X_P7_4_CAGTCCTGTGAGCGAT	1445	2590	0	0.0891891891891892
10X_P7_4_CATATGGTCAGGTAAA	2767	7023	0	0.136408942047558
10X_P7_4_CATATGGTCGTTTATC	2625	7802	0	0.143937451935401
10X_P7_4_CATATTCAGACGCTTT	1297	2675	0	0.0500934579439252
10X_P7_4_CATCAGATCGGGAGTA	103	2806	0	0.0121168923734854
10X_P7_4_CATCCACCAATACGCT	1408	4482	0	0.184738955823293
10X_P7_4_CATCGAAAGGCTCTTA	2128	5350	0	0.20018691588785
10X_P7_4_CATCGAAAGTACGCGA	3098	9608	0	0.271752706078268
10X_P7_4_CATCGAATCAACGGGA	1991	5476	0	0.234660336011687
10X_P7_4_CATCGGGCAGCTGTAT	1166	2274	0	0.166666666666667
10X_P7_4_CATCGGGCATAAAGGT	1170	2019	0	0.123823675086677
10X_P7_4_CATCGGGGTCGCTTTC	2658	7722	0	0.193214193214193
10X_P7_4_CATCGGGGTTGTACAC	2079	4852	0	0.180750206100577
10X_P7_4_CATGACATCCACGTGG	1955	4090	0	0.17481662591687
10X_P7_4_CATGCCTCATTGGCGC	2906	8610	0	0.214053426248548
10X_P7_4_CATGGCGCACCCATGG	1278	2904	0	0.174931129476584
10X_P7_4_CATGGCGGTGCAGGTA	4614	24714	0	0.136198106336489
10X_P7_4_CATTCGCCATTTCACT	1971	4612	0	0.209019947961839
10X_P7_4_CCAATCCCACTACAGT	806	1922	0	0.101977107180021
10X_P7_4_CCACCTAAGGCCCGTT	3117	9473	0	0.147155072310778
10X_P7_4_CCACCTAGTCACTGGC	3751	11739	0	0.16236476701593
10X_P7_4_CCACCTATCAGCATGT	2007	5236	0	0.21524064171123
10X_P7_4_CCACGGAAGGCCCGTT	2443	9435	0	0.214838367779544
10X_P7_4_CCAGCGACACGAAAGC	3381	10540	0	0.173244781783681
10X_P7_4_CCATGTCCACTTGGAT	2758	7269	0	0.161507772733526
10X_P7_4_CCATGTCTCCCATTAT	3251	13138	0	0.155274775460496
10X_P7_4_CCCAATCCAGGTGGAT	1869	5553	0	0.182784080677111
10X_P7_4_CCCAATCTCATCTGCC	2105	5196	0	0.20977675134719
10X_P7_4_CCCAGTTCATCGTCGG	1346	3382	0	0.131578947368421
10X_P7_4_CCCATACGTAGCTAAA	1121	1909	0	0.105290728129911
10X_P7_4_CCCTCCTTCAAACAAG	541	1398	0	0.0386266094420601
10X_P7_4_CCCTCCTTCATTGCGA	2564	6511	0	0.202273076332361
10X_P7_4_CCGGGATGTTGGTTTG	3126	9242	0	0.166522397749405
10X_P7_4_CCGTACTCATCGGGTC	2316	5530	0	0.178300180831826
10X_P7_4_CCGTGGAAGTAACCCT	831	1515	0	0.161716171617162
10X_P7_4_CCGTGGATCTATCCTA	2947	7847	0	0.147062571683446
10X_P7_4_CCGTTCAGTAGGCTGA	2642	7435	0	0.192602555480834
10X_P7_4_CCTAAAGGTTCGTCTC	1795	3619	0	0.118817352859906
10X_P7_4_CCTACACCAACTGCTA	2985	8265	0	0.163339382940109
10X_P7_4_CCTACCAGTAGGGTAC	2397	8493	0	0.190980807724008
10X_P7_4_CCTACCATCGCTTGTC	963	1727	0	0.118123914302258
10X_P7_4_CCTAGCTGTGCATCTA	3082	8193	0	0.148053216160137
10X_P7_4_CCTATTAGTCGCATAT	3246	18083	0	0.276889896587956
10X_P7_4_CCTCAGTCAGCAGTTT	1864	3821	0	0.130855796911803
10X_P7_4_CCTCAGTGTGCAGTAG	166	3530	0	0.00934844192634561
10X_P7_4_CCTCTGAAGAAGATTC	1579	3199	0	0.172241325414192
10X_P7_4_CCTTACGGTTCATGGT	2152	4937	0	0.171764229289042
10X_P7_4_CCTTACGTCGCCAGCA	3593	12418	0	0.260911579964568
10X_P7_4_CCTTCGAAGTCTTGCA	2552	6372	0	0.124764595103578
10X_P7_4_CCTTCGAGTCACACGC	2955	9125	0	0.227397260273973
10X_P7_4_CCTTTCTTCGTAGATC	2671	6465	0	0.184377416860015
10X_P7_4_CGAATGTAGAGCTGCA	1840	5141	0	0.0575763470141996
10X_P7_4_CGACCTTGTCTTCAAG	131	3529	0	0.00510059506942477
10X_P7_4_CGACTTCGTAGTACCT	2462	5821	0	0.157361278130905
10X_P7_4_CGACTTCTCTGATACG	2697	8652	0	0.0590614886731392
10X_P7_4_CGAGAAGAGCAGCGTA	4506	16798	0	0.216454339802357
10X_P7_4_CGAGAAGAGCGATAGC	2171	5506	0	0.171267707954958
10X_P7_4_CGAGAAGGTTGCGTTA	1824	5915	0	0.162975486052409
10X_P7_4_CGAGAAGTCTAGCACA	1327	3117	0	0.278472890599936
10X_P7_4_CGATGGCGTACTTCTT	1865	4368	0	0.164606227106227
10X_P7_4_CGATGGCTCTCGTATT	313	5469	0	0.0065825562260011
10X_P7_4_CGATGTATCCCTTGTG	2400	8593	0	0.0919352961713022
10X_P7_4_CGATGTATCGAGAACG	2028	4325	0	0.118150289017341
10X_P7_4_CGCCAAGTCCTAGAAC	2365	7057	0	0.231259742100043
10X_P7_4_CGCGGTACAAGTACCT	2574	6953	0	0.164964763411477
10X_P7_4_CGCGGTACAGACGCCT	3714	11626	0	0.162050576294512
10X_P7_4_CGCGGTACAGCCTTGG	2187	5733	0	0.051107622536194
10X_P7_4_CGCGTTTGTTCCACAA	2403	7211	0	0.132297878241575
10X_P7_4_CGCGTTTGTTCGTTGA	313	5554	0	0.00594166366582643
10X_P7_4_CGCTATCCACTGCCAG	1649	3435	0	0.147598253275109
10X_P7_4_CGCTATCCATCTATGG	2853	7312	0	0.0890317286652079
10X_P7_4_CGCTGGATCTGCGACG	1930	5038	0	0.231242556570067
10X_P7_4_CGCTTCAAGATCCCAT	1973	4450	0	0.164494382022472
10X_P7_4_CGCTTCAGTAAGCACG	3250	9892	0	0.170946219167004
10X_P7_4_CGCTTCATCCGAATGT	1238	3050	0	0.135737704918033
10X_P7_4_CGGACACAGGCTACGA	1413	3413	0	0.0588924699677703
10X_P7_4_CGGACACAGTAGGCCA	1352	2419	0	0.113269946258785
10X_P7_4_CGGACGTAGCTTTGGT	2441	6086	0	0.177620768977982
10X_P7_4_CGGACGTAGGCTAGCA	3301	8977	0	0.118747911328952
10X_P7_4_CGGACTGAGCAGCCTC	1818	4357	0	0.222171218728483
10X_P7_4_CGGACTGCACTGTCGG	2840	8497	0	0.132281981875956
10X_P7_4_CGGACTGGTCCGTCAG	2063	5375	0	0.195720930232558
10X_P7_4_CGGACTGGTGGTACAG	2869	9517	0	0.202689923295156
10X_P7_4_CGGAGCTCACGACGAA	2290	6425	0	0.185214007782101
10X_P7_4_CGGAGCTGTTAAGGGC	3205	9463	0	0.184085385184402
10X_P7_4_CGGAGCTTCCTGCAGG	1292	2272	0	0.12544014084507
10X_P7_4_CGGAGTCCACGAGGTA	3007	8067	0	0.17862898227346
10X_P7_4_CGGAGTCCAGACACTT	1413	2798	0	0.152966404574696
10X_P7_4_CGGAGTCTCAGCAACT	4828	18423	0	0.158063290452152
10X_P7_4_CGGCTAGGTCAGTGGA	3113	9760	0	0.177561475409836
10X_P7_4_CGGGTCATCAGGATCT	1076	2179	0	0.153281321707205
10X_P7_4_CGGGTCATCCCAGGTG	1945	5372	0	0.236783320923306
10X_P7_4_CGGGTCATCTGCGTAA	2043	4646	0	0.120749031424882
10X_P7_4_CGGTTAATCCGCAGTG	3092	8579	0	0.135796712903602
10X_P7_4_CGGTTAATCTGTCCGT	1966	5295	0	0.110481586402266
10X_P7_4_CGTAGCGCACCACGTG	2515	8167	0	0.136647483776172
10X_P7_4_CGTAGCGCATGGGAAC	3129	9522	0	0.157634950640622
10X_P7_4_CGTAGGCCATTCGACA	3601	12121	0	0.15964029370514
10X_P7_4_CGTCACTGTAACGCGA	1323	2400	0	0.106666666666667
10X_P7_4_CGTCAGGTCGGCTTGG	1951	4518	0	0.148074369189907
10X_P7_4_CGTCCATAGACAATAC	819	1375	0	0.161454545454545
10X_P7_4_CGTCCATAGGAGCGAG	3278	8994	0	0.154769846564376
10X_P7_4_CGTCCATCAGCTCGAC	1205	3275	0	0.356030534351145
10X_P7_4_CGTCTACCAAATCCGT	1683	3800	0	0.202105263157895
10X_P7_4_CGTGAGCAGGGCATGT	2330	5732	0	0.162247034193999
10X_P7_4_CGTGAGCAGTACACCT	2876	9777	0	0.0825406566431421
10X_P7_4_CGTGTCTAGCGATAGC	2276	4858	0	0.085014409221902
10X_P7_4_CGTGTCTAGTGGACGT	2695	6864	0	0.181526806526807
10X_P7_4_CGTGTCTCACTCTGTC	3188	8431	0	0.0957181828964536
10X_P7_4_CGTTCTGTCGTGGGAA	4446	16488	0	0.235140708393984
10X_P7_4_CTAAGACGTACATCCA	917	1536	0	0.0755208333333333
10X_P7_4_CTAAGACGTGACAAAT	2581	6820	0	0.189149560117302
10X_P7_4_CTAAGACGTTGACGTT	1502	5488	0	0.486333819241982
10X_P7_4_CTAAGACTCGTGGACC	5128	20354	0	0.0913825292325833
10X_P7_4_CTAATGGGTACAGTGG	2090	4771	0	0.103332634667785
10X_P7_4_CTACACCAGAAACGCC	3550	10174	0	0.17869078042068
10X_P7_4_CTACACCGTCCAGTTA	2788	8101	0	0.168497716331317
10X_P7_4_CTACATTAGTATTGGA	2260	6244	0	0.16111467008328
10X_P7_4_CTACCCACACGAAACG	3610	12855	0	0.170828471411902
10X_P7_4_CTACGTCGTCTCACCT	3629	12574	0	0.177668204230953
10X_P7_4_CTAGCCTGTTCGCGAC	1272	2424	0	0.113448844884488
10X_P7_4_CTAGTGAAGCAAATCA	3716	12485	0	0.181097316780136
10X_P7_4_CTAGTGACAATGGTCT	2504	6352	0	0.21205919395466
10X_P7_4_CTAGTGATCGTGACAT	2770	7320	0	0.15068306010929
10X_P7_4_CTAGTGATCTCCCTGA	687	1303	0	0.251726784343822
10X_P7_4_CTCAGAACACCCTATC	1633	3590	0	0.201114206128134
10X_P7_4_CTCAGAATCGCAGGCT	2917	7746	0	0.153240382132714
10X_P7_4_CTCATTACACGAAATA	3076	7683	0	0.0930626057529611
10X_P7_4_CTCGAGGGTCGCATCG	2243	5519	0	0.238630186628012
10X_P7_4_CTCGGAGGTCAACTGT	4137	14715	0	0.161671763506626
10X_P7_4_CTCGGAGTCATCACCC	850	1429	0	0.132260321903429
10X_P7_4_CTCGGAGTCCTCTAGC	2115	7437	0	0.146161086459594
10X_P7_4_CTCGTCACATTATCTC	2887	8793	0	0.298078016604117
10X_P7_4_CTCGTCAGTATGAATG	3315	12959	0	0.137433443938576
10X_P7_4_CTCGTCAGTGGTCTCG	2229	6286	0	0.170060451797646
10X_P7_4_CTCTAATAGGGTCGAT	1814	4338	0	0.0714615029967727
10X_P7_4_CTCTACGAGTGGAGAA	1107	1795	0	0.121448467966574
10X_P7_4_CTCTACGCAAAGCAAT	2666	7554	0	0.211411172888536
10X_P7_4_CTCTGGTAGGAGCGTT	2512	6196	0	0.110393802453196
10X_P7_4_CTCTGGTGTTCCCGAG	967	1651	0	0.145366444579043
10X_P7_4_CTCTGGTGTTTGGCGC	3221	9633	0	0.169729056368732
10X_P7_4_CTGAAACTCCGAATGT	2472	6058	0	0.198745460548036
10X_P7_4_CTGAAGTGTAGAGCTG	2399	6977	0	0.0882900960298122
10X_P7_4_CTGATAGGTGAAGGCT	3191	10328	0	0.243900077459334
10X_P7_4_CTGATAGGTTAAAGAC	2888	7841	0	0.153296773370744
10X_P7_4_CTGATCCCAAGCCCAC	1065	2129	0	0.162987317989667
10X_P7_4_CTGCCTAAGGGTGTTG	3470	10673	0	0.142602829569943
10X_P7_4_CTGCGGATCGGAGCAA	2815	8551	0	0.201496900947258
10X_P7_4_CTGCTGTTCCTCGCAT	2880	8422	0	0.228330562811684
10X_P7_4_CTGTTTAGTTAAAGTG	1084	1770	0	0.076271186440678
10X_P7_4_CTGTTTATCGTCCGTT	4763	17335	0	0.185982117104125
10X_P7_4_CTTACCGAGTCCATAC	1514	2784	0	0.0991379310344828
10X_P7_4_CTTACCGGTCCATCCT	2038	5656	0	0.225777934936351
10X_P7_4_CTTACCGTCTTGCAAG	1426	3620	0	0.280662983425414
10X_P7_4_CTTCTCTCACCGCTAG	2831	8422	0	0.149964379007362
10X_P7_4_CTTCTCTTCATTCACT	3531	9513	0	0.151582045621781
10X_P7_4_CTTGGCTAGACTTTCG	2978	11578	0	0.136983935049231
10X_P7_4_GAACGGACAGTCAGCC	4103	13127	0	0.16843147710825
10X_P7_4_GAACGGAGTGCGAAAC	2439	6341	0	0.17221258476581
10X_P7_4_GAACGGATCCTTCAAT	2680	7131	0	0.202496143598373
10X_P7_4_GAAGCAGTCACTATTC	1618	3055	0	0.127004909983633
10X_P7_4_GAAGCAGTCGAATCCA	1360	2365	0	0.120507399577167
10X_P7_4_GAATAAGTCCCATTAT	2487	7568	0	0.263609936575053
10X_P7_4_GAATGAATCGAATGCT	962	2444	0	0.367021276595745
10X_P7_4_GACACGCAGGGTTCCC	3059	9072	0	0.185074955908289
10X_P7_4_GACACGCCAGCCTTGG	3175	8789	0	0.117874615997269
10X_P7_4_GACACGCCATTTCAGG	3081	9000	0	0.217888888888889
10X_P7_4_GACAGAGAGATCGATA	2850	7708	0	0.19862480539699
10X_P7_4_GACAGAGGTATTCGTG	2763	8708	0	0.125861276986679
10X_P7_4_GACAGAGGTGCACGAA	2215	5560	0	0.230935251798561
10X_P7_4_GACCTGGTCATAACCG	751	1996	0	0.149799599198397
10X_P7_4_GACGTTAAGTGTACCT	1393	2568	0	0.109423676012461
10X_P7_4_GACGTTATCCACGAAT	3373	10828	0	0.154506834133727
10X_P7_4_GACTACACAAGCTGAG	1210	2175	0	0.0827586206896552
10X_P7_4_GACTACAGTAGCGTGA	2577	6822	0	0.188068015244796
10X_P7_4_GACTGCGGTGCAACTT	1527	2942	0	0.13018354860639
10X_P7_4_GAGCAGAAGATATGCA	3147	8774	0	0.146683382721678
10X_P7_4_GATCAGTAGTCTCCTC	835	1372	0	0.12536443148688
10X_P7_4_GATCAGTGTTTGCATG	3535	10174	0	0.158443090229998
10X_P7_4_GATCGATCACATGGGA	1132	2655	0	0.0647834274952919
10X_P7_4_GATCGCGAGGGCTCTC	2499	6583	0	0.115600789913413
10X_P7_4_GATCGCGGTTGCGCAC	2678	8247	0	0.145871225900327
10X_P7_4_GATCGTATCTCGGACG	2744	7113	0	0.150991142977647
10X_P7_4_GATCTAGGTCTAGAGG	3466	15755	0	0.224119327197715
10X_P7_4_GATCTAGTCTTTACAC	326	5692	0	0.00702740688685875
10X_P7_4_GATGAAAAGAAGATTC	2883	7883	0	0.127743244957503
10X_P7_4_GATGAAAAGACGACGT	1859	5857	0	0.313471060269763
10X_P7_4_GATTCAGCACAGCGTC	2399	6109	0	0.172368636438042
10X_P7_4_GATTCAGGTAATCGTC	84	1936	0	0.0118801652892562
10X_P7_4_GCAAACTAGCCCTAAT	2652	7965	0	0.127558066541117
10X_P7_4_GCAAACTGTCAGAGGT	1782	3890	0	0.176863753213368
10X_P7_4_GCAAACTGTTTCCACC	1548	3230	0	0.146130030959752
10X_P7_4_GCACTCTGTAAACCTC	2237	5672	0	0.179301833568406
10X_P7_4_GCAGCCAGTTGAACTC	3200	10674	0	0.122540753232153
10X_P7_4_GCAGTTAAGTATTGGA	1991	4380	0	0.205936073059361
10X_P7_4_GCAGTTATCGCACTCT	1671	3656	0	0.1304704595186
10X_P7_4_GCATACATCCCTGACT	2571	6885	0	0.115032679738562
10X_P7_4_GCATGCGCAGCTGCTG	3778	16895	0	0.118141461970997
10X_P7_4_GCATGTACACCTCGTT	1375	2958	0	0.0517241379310345
10X_P7_4_GCCAAATAGATATACG	1827	4583	0	0.234998909011564
10X_P7_4_GCCAAATCACCATCCT	3400	9761	0	0.101116688863846
10X_P7_4_GCCTCTACATCGGAAG	4230	14073	0	0.156256661692603
10X_P7_4_GCCTCTATCAAGAAGT	1432	2749	0	0.127319025100036
10X_P7_4_GCGACCAAGTGACATA	2162	6446	0	0.084548557244803
10X_P7_4_GCGAGAAGTCGAGTTT	2553	6850	0	0.209051094890511
10X_P7_4_GCGCCAAAGGCATTGG	5216	21971	0	0.169177552227937
10X_P7_4_GCGCGATGTGCTGTAT	799	1624	0	0.0905172413793103
10X_P7_4_GCGCGATTCTTGCATT	2247	5558	0	0.120007196833393
10X_P7_4_GCTCCTAGTCTAAAGA	2422	6493	0	0.17973201909749
10X_P7_4_GCTCTGTAGTCGTTTG	1060	1766	0	0.118346545866365
10X_P7_4_GCTCTGTGTCTAAAGA	1408	2812	0	0.125177809388336
10X_P7_4_GCTGCAGAGCCCTAAT	2007	5124	0	0.228922716627635
10X_P7_4_GCTGCAGTCAACGGGA	2230	4976	0	0.109123794212219
10X_P7_4_GCTGCAGTCGTTTGCC	2108	5451	0	0.165107319757843
10X_P7_4_GCTGCAGTCTGCGACG	686	1602	0	0.109862671660424
10X_P7_4_GCTGCGAAGAACAACT	2488	6815	0	0.229200293470286
10X_P7_4_GCTGCGAGTAAACGCG	2123	4890	0	0.17280163599182
10X_P7_4_GCTGCGATCGAATGCT	2012	4788	0	0.146825396825397
10X_P7_4_GCTGCTTCAGCTGTAT	2450	6371	0	0.242034217548266
10X_P7_4_GCTGCTTGTCCGAAGA	332	449	0	0.184855233853007
10X_P7_4_GCTGCTTTCCAATGGT	2417	7430	0	0.286137281292059
10X_P7_4_GCTGGGTCAATGAATG	1672	3863	0	0.0763655190266632
10X_P7_4_GCTTCCAAGTGAAGTT	3607	16329	0	0.186110600771633
10X_P7_4_GCTTCCACACGAGGTA	3301	9913	0	0.12619792192071
10X_P7_4_GGAAAGCAGGAGTAGA	2705	7289	0	0.181231993414735
10X_P7_4_GGAACTTTCACCCTCA	133	3118	0	0.00609364977549711
10X_P7_4_GGAACTTTCTGAGTGT	1893	6022	0	0.40484888741282
10X_P7_4_GGACAGAAGTCAAGGC	2806	7437	0	0.171977948097351
10X_P7_4_GGACGTCAGGGTGTTG	1667	3338	0	0.183043738765728
10X_P7_4_GGACGTCCACGCGAAA	2575	5287	0	0.117079629279364
10X_P7_4_GGAGCAACATTACGAC	143	3518	0	0.00596930073905628
10X_P7_4_GGAGCAATCTGTCAAG	1727	3752	0	0.168710021321962
10X_P7_4_GGATGTTAGTGTACGG	1622	3132	0	0.177841634738186
10X_P7_4_GGATGTTTCGTGGTCG	1513	3433	0	0.194290707835712
10X_P7_4_GGATTACAGAGGACGG	1854	5090	0	0.0756385068762279
10X_P7_4_GGATTACCACGGTAAG	2629	7140	0	0.142016806722689
10X_P7_4_GGATTACGTGCCTGTG	742	2072	0	0.125
10X_P7_4_GGCAATTCATGATCCA	4225	13182	0	0.11417083902291
10X_P7_4_GGCAATTGTAAATACG	1903	5208	0	0.248655913978495
10X_P7_4_GGCCGATCAAGGACTG	1068	1828	0	0.0886214442013129
10X_P7_4_GGCGACTCAAATCCGT	2922	7957	0	0.170918687947719
10X_P7_4_GGCGACTCAGTATAAG	1413	4189	0	0.146096920506087
10X_P7_4_GGCGTGTCAATCCAAC	1169	2152	0	0.229553903345725
10X_P7_4_GGCGTGTTCGTGGACC	81	2251	0	0.00621945801865837
10X_P7_4_GGCTCGACAAGCTGTT	3246	10687	0	0.161130345279311
10X_P7_4_GGCTCGATCACATACG	935	1742	0	0.206084959816303
10X_P7_4_GGCTGGTCAGGGCATA	1156	1894	0	0.133579725448786
10X_P7_4_GGCTGGTGTGTCGCTG	6054	33809	0	0.211984974415097
10X_P7_4_GGGAATGTCCGCAGTG	2688	6809	0	0.149361139668086
10X_P7_4_GGGACCTCACTCTGTC	1308	2632	0	0.161094224924012
10X_P7_4_GGGACCTCAGACGCAA	2849	9363	0	0.128484460108939
10X_P7_4_GGGACCTGTTATCGGT	2374	5616	0	0.0430911680911681
10X_P7_4_GGGAGATAGGTGCTTT	2568	7218	0	0.0940703796065392
10X_P7_4_GGGATGATCCGAAGAG	954	2341	0	0.324220418624519
10X_P7_4_GGGCATCCAGTCGATT	3166	10459	0	0.206998757051343
10X_P7_4_GGGCATCGTACCCAAT	2138	5759	0	0.131272790415003
10X_P7_4_GGGTCTGCATTGTGCA	2930	8365	0	0.0976688583383144
10X_P7_4_GGTATTGCACAGAGGT	2573	7338	0	0.19664758789861
10X_P7_4_GGTATTGGTCGGCACT	2208	6037	0	0.248799072386947
10X_P7_4_GGTGAAGTCGACCAGC	1577	3391	0	0.148628723090534
10X_P7_4_GGTGCGTGTATATCCG	1412	3018	0	0.233267064280981
10X_P7_4_GGTGTTAAGCTAGTGG	1712	3484	0	0.0818025258323766
10X_P7_4_GGTGTTATCAGTGCAT	1878	4719	0	0.224623860987497
10X_P7_4_GTAACGTAGCTAACAA	1998	4380	0	0.193835616438356
10X_P7_4_GTAACGTGTCTTGTCC	1767	4348	0	0.199862005519779
10X_P7_4_GTAACGTGTTGAGTTC	1429	2563	0	0.10222395630121
10X_P7_4_GTAACGTGTTTGCATG	1596	3004	0	0.0972037283621838
10X_P7_4_GTAACTGGTAAGTTCC	2193	5687	0	0.178828908035871
10X_P7_4_GTAACTGGTCGCGTGT	2617	6766	0	0.167159326041975
10X_P7_4_GTAGGCCAGCTAACAA	1973	4765	0	0.249317943336831
10X_P7_4_GTAGGCCCAGCCTATA	1171	2118	0	0.103871576959396
10X_P7_4_GTAGGCCTCAACGGGA	2046	4639	0	0.14227204138823
10X_P7_4_GTAGGCCTCTCGAGTA	2553	6909	0	0.126935880735273
10X_P7_4_GTATCTTAGGTGATAT	4748	15449	0	0.11567091721147
10X_P7_4_GTATCTTTCATCGGAT	2522	6621	0	0.165684941851684
10X_P7_4_GTATTCTTCACCATAG	5337	22825	0	0.148959474260679
10X_P7_4_GTATTCTTCCGTCATC	3056	8324	0	0.177799135031235
10X_P7_4_GTCAAGTAGAGGTTGC	4379	14832	0	0.14111380798274
10X_P7_4_GTCACAAGTTCCTCCA	830	1332	0	0.0615615615615616
10X_P7_4_GTCACGGCATGGATGG	3003	8464	0	0.195297731568998
10X_P7_4_GTCATTTAGTGTGAAT	2167	5031	0	0.193400914331147
10X_P7_4_GTCATTTGTAGGAGTC	3708	11186	0	0.182281423207581
10X_P7_4_GTCATTTTCACCGTAA	946	1426	0	0.0876577840112202
10X_P7_4_GTCATTTTCCCAACGG	2033	5136	0	0.241627725856698
10X_P7_4_GTCCTCACATTCTCAT	2295	5864	0	0.177353342428377
10X_P7_4_GTCCTCATCTGTCCGT	855	2201	0	0.133575647432985
10X_P7_4_GTCGTAAAGCTGATAA	2281	5779	0	0.148814673819
10X_P7_4_GTCGTAATCCTAGGGC	3847	12405	0	0.211527609834744
10X_P7_4_GTCGTAATCTTTAGTC	2260	6874	0	0.147366889729415
10X_P7_4_GTCTTCGAGCGTCTAT	2610	7984	0	0.191382765531062
10X_P7_4_GTGCAGCAGATGCGAC	3939	13290	0	0.136117381489842
10X_P7_4_GTGCAGCGTTGGAGGT	686	1374	0	0.0924308588064047
10X_P7_4_GTGCATACACGCTTTC	4578	15816	0	0.155981284774911
10X_P7_4_GTGCATACATGGTCTA	1141	2076	0	0.188342967244701
10X_P7_4_GTGCGGTCACGAAATA	2848	10517	0	0.0899496054007797
10X_P7_4_GTGCTTCCACATAACC	2262	7322	0	0.0706091231903851
10X_P7_4_GTGGGTCAGAGGTTGC	3140	12667	0	0.0721559958948449
10X_P7_4_GTGGGTCCAAGCTGAG	2113	5618	0	0.152011391954432
10X_P7_4_GTGGGTCTCCAGAGGA	2093	5224	0	0.144333843797856
10X_P7_4_GTGTTAGAGCTGCAAG	1189	2211	0	0.121664405246495
10X_P7_4_GTGTTAGCAACTGCTA	1834	3694	0	0.0998917162966974
10X_P7_4_GTTAAGCCATTCTCAT	3590	11875	0	0.170189473684211
10X_P7_4_GTTAAGCTCAAGGTAA	2353	6841	0	0.232860692881158
10X_P7_4_GTTCATTAGAGTCTGG	1907	4026	0	0.156731246895181
10X_P7_4_GTTCGGGAGCTTATCG	2576	6611	0	0.154439570412948
10X_P7_4_GTTCTCGAGGCATGTG	2130	4965	0	0.141792547834844
10X_P7_4_GTTCTCGAGTACGTTC	2015	6164	0	0.15460739779364
10X_P7_4_GTTCTCGGTCTAGCGC	1511	3075	0	0.160975609756098
10X_P7_4_GTTTCTACAGATCCAT	5524	27355	0	0.133869493694023
10X_P7_4_TAAACCGAGCCACCTG	2508	6153	0	0.126767430521697
10X_P7_4_TAAGAGACACGTAAGG	3122	9172	0	0.176188399476668
10X_P7_4_TAAGAGACATGGATGG	2595	8061	0	0.275151966257288
10X_P7_4_TAAGAGATCCCGGATG	1752	3556	0	0.184195725534308
10X_P7_4_TACAGTGGTTCCACGG	2746	11561	0	0.183721131390018
10X_P7_4_TACCTATAGCGAGAAA	2476	6798	0	0.199617534568991
10X_P7_4_TACCTATGTCGCATCG	4649	17952	0	0.186887254901961
10X_P7_4_TACCTTAGTCCAACTA	1618	3735	0	0.211512717536814
10X_P7_4_TACCTTATCGTGGGAA	1563	3925	0	0.0453503184713376
10X_P7_4_TACGGATAGGCAATTA	2002	4238	0	0.151014629542237
10X_P7_4_TACGGATCATGGAATA	2908	7929	0	0.194097616345062
10X_P7_4_TACGGATGTATAAACG	3759	13854	0	0.222390645300996
10X_P7_4_TACGGGCAGTCTCGGC	2513	5807	0	0.122266230411572
10X_P7_4_TACGGTAAGAGTAATC	3032	8794	0	0.204116443029338
10X_P7_4_TACGGTAAGCTACCTA	4046	14855	0	0.198182430158196
10X_P7_4_TACGGTACAAGTTCTG	2188	4826	0	0.12992125984252
10X_P7_4_TACTCATTCAAGGTAA	2266	5122	0	0.187817258883249
10X_P7_4_TACTCGCGTCTTGCGG	2542	6493	0	0.21161250577545
10X_P7_4_TACTTACTCTCCAACC	2782	9063	0	0.154915590863952
10X_P7_4_TAGCCGGGTCGAACAG	2921	8093	0	0.120845174842456
10X_P7_4_TAGCCGGGTTCGTGAT	816	1938	0	0.140350877192982
10X_P7_4_TAGGCATGTCTCCATC	3513	10924	0	0.159190772610765
10X_P7_4_TAGGCATTCAAACCAC	1722	3991	0	0.185417188674518
10X_P7_4_TAGTTGGAGTGTTGAA	2306	6979	0	0.165783063476143
10X_P7_4_TAGTTGGGTAGTACCT	953	1700	0	0.144117647058824
10X_P7_4_TAGTTGGTCACGAAGG	2287	5373	0	0.105899869718965
10X_P7_4_TATCTCAAGCTACCTA	4085	14693	0	0.220377050296059
10X_P7_4_TATCTCACAAGGACAC	2243	4952	0	0.140549273021002
10X_P7_4_TATCTCACAATCACAC	1086	2629	0	0.319513122860403
10X_P7_4_TATTACCCACCGAAAG	1096	2918	0	0.344756682659356
10X_P7_4_TATTACCTCGTAGGTT	2347	6100	0	0.141147540983607
10X_P7_4_TCAACGAAGACGCTTT	2832	8517	0	0.165316425971586
10X_P7_4_TCAACGATCTTTAGGG	1909	4497	0	0.167667333778074
10X_P7_4_TCACAAGAGTAGCGGT	1172	2899	0	0.346671265953777
10X_P7_4_TCAGCTCAGTCGCCGT	1503	2872	0	0.124303621169916
10X_P7_4_TCAGCTCAGTGCTGCC	2511	8160	0	0.071078431372549
10X_P7_4_TCAGCTCGTGGACGAT	2159	6987	0	0.170602547588378
10X_P7_4_TCAGCTCGTTGATTGC	2629	6679	0	0.158706393172631
10X_P7_4_TCAGGATAGACAGGCT	74	2135	0	0.0107728337236534
10X_P7_4_TCAGGATCACTGTGTA	2403	5775	0	0.138354978354978
10X_P7_4_TCAGGATGTCTAGTCA	4165	14153	0	0.168091570691726
10X_P7_4_TCAGGTACATAACCTG	5898	30247	0	0.16199953714418
10X_P7_4_TCATTACCACATCTTT	2406	6237	0	0.188552188552189
10X_P7_4_TCATTACTCACCGTAA	3716	12778	0	0.132023790890593
10X_P7_4_TCATTTGTCCACTCCA	158	3576	0	0.00643176733780761
10X_P7_4_TCCACACCACTCGACG	3192	11698	0	0.0800991622499573
10X_P7_4_TCCCGATTCCATGAAC	2149	5842	0	0.131290653885656
10X_P7_4_TCCCGATTCCGTAGGC	2985	8737	0	0.104841478768456
10X_P7_4_TCGAGGCGTATGCTTG	2446	6400	0	0.15546875
10X_P7_4_TCGAGGCTCTGAGTGT	2135	4561	0	0.148870861653146
10X_P7_4_TCGCGAGGTTGGGACA	2221	5199	0	0.201000192344682
10X_P7_4_TCGGGACAGTCAAGGC	1527	3347	0	0.0746937556020317
10X_P7_4_TCGGGACCAGGTGCCT	2543	8184	0	0.189882697947214
10X_P7_4_TCGGGACCATCACCCT	2062	5151	0	0.0772665501844302
10X_P7_4_TCGGGACGTTCGGGCT	1821	3873	0	0.138135812032017
10X_P7_4_TCGGTAACATTGGCGC	3066	8810	0	0.144381384790011
10X_P7_4_TCGTACCAGTTACGGG	2502	7193	0	0.205616571666898
10X_P7_4_TCGTACCTCAACGCTA	1429	3537	0	0.251060220525869
10X_P7_4_TCGTACCTCTGTACGA	1271	3355	0	0.303427719821162
10X_P7_4_TCGTAGATCGCATGGC	747	1316	0	0.268996960486322
10X_P7_4_TCTATTGCACTGAAGG	2162	6137	0	0.281081961870621
10X_P7_4_TCTCATAGTGTAACGG	2617	7880	0	0.0983502538071066
10X_P7_4_TCTGAGACAGCTGTGC	2503	8364	0	0.0775944524151124
10X_P7_4_TCTGGAATCGAGCCCA	1380	3001	0	0.169610129956681
10X_P7_4_TCTTCGGGTAGGACAC	1568	4086	0	0.0526186979931473
10X_P7_4_TCTTTCCGTCGCGTGT	2464	6716	0	0.20577724836212
10X_P7_4_TGACAACAGATATGGT	2962	9345	0	0.122525414660246
10X_P7_4_TGACGGCAGAGAGCTC	2828	7153	0	0.169159793093807
10X_P7_4_TGACGGCGTAAGTAGT	2075	5371	0	0.18767454850121
10X_P7_4_TGACTTTCATTCTCAT	1785	3405	0	0.0980910425844347
10X_P7_4_TGACTTTTCAAACCGT	2332	5229	0	0.0895008605851979
10X_P7_4_TGACTTTTCGTAGATC	2933	8003	0	0.113957266025241
10X_P7_4_TGAGCATCATGCTGGC	3373	10169	0	0.186449011702232
10X_P7_4_TGAGCCGGTCGGCATC	2141	4939	0	0.143956266450699
10X_P7_4_TGAGGGAAGCGTGAAC	1490	2646	0	0.0842781557067271
10X_P7_4_TGAGGGACATACCATG	2611	7760	0	0.0809278350515464
10X_P7_4_TGCACCTCAAGTTCTG	1946	4706	0	0.0669358266043349
10X_P7_4_TGCACCTCAGCCTGTG	2217	5264	0	0.160714285714286
10X_P7_4_TGCACCTTCCAAGTAC	3054	8907	0	0.170427753452341
10X_P7_4_TGCCAAAGTGTGCCTG	2745	9919	0	0.0741002117148906
10X_P7_4_TGCCCATTCGGTCTAA	74	1375	0	0.0130909090909091
10X_P7_4_TGCCCATTCTGCTTGC	1203	2472	0	0.182847896440129
10X_P7_4_TGCCCTACATGGAATA	914	1500	0	0.0913333333333333
10X_P7_4_TGCGCAGCACTTCGAA	1944	4345	0	0.106098964326812
10X_P7_4_TGCGGGTCAGATGGGT	2082	4794	0	0.192740926157697
10X_P7_4_TGCGGGTCATCGACGC	344	7136	0	0.00616591928251121
10X_P7_4_TGCGGGTGTATGGTTC	1704	3851	0	0.178654894832511
10X_P7_4_TGCGTGGGTAGCTGCC	3657	11286	0	0.243841928052454
10X_P7_4_TGCGTGGTCCAGGGCT	3136	8875	0	0.138478873239437
10X_P7_4_TGCTACCCAAGAAGAG	103	2620	0	0.00610687022900763
10X_P7_4_TGCTACCTCACAAACC	2831	9745	0	0.105900461775269
10X_P7_4_TGCTACCTCCCTTGCA	2855	9358	0	0.0880530027783714
10X_P7_4_TGCTGCTCATCGACGC	2342	6552	0	0.110805860805861
10X_P7_4_TGCTGCTGTAACGTTC	1506	2812	0	0.0938833570412518
10X_P7_4_TGCTGCTTCACAGGCC	177	3959	0	0.00858802727961606
10X_P7_4_TGGACGCCACGGACAA	2014	4484	0	0.132471008028546
10X_P7_4_TGGACGCCACTTACGA	2548	6694	0	0.157902599342695
10X_P7_4_TGGACGCCAGCCAGAA	265	4925	0	0.00852791878172589
10X_P7_4_TGGACGCGTTACGACT	1133	2031	0	0.0851797144263909
10X_P7_4_TGGACGCTCTGGCGTG	913	1489	0	0.0926796507723304
10X_P7_4_TGGCGCAGTAAGTAGT	2368	11126	0	0.0826891964767212
10X_P7_4_TGGCTGGTCGAATGCT	1806	4231	0	0.187898841881352
10X_P7_4_TGGGAAGAGGCGCTCT	1604	3339	0	0.129080563042827
10X_P7_4_TGGGAAGGTACAAGTA	2954	10632	0	0.154909706546275
10X_P7_4_TGGGCGTCATAGGATA	2580	6231	0	0.116032739528166
10X_P7_4_TGGTTAGCAAGAAGAG	3874	14081	0	0.12825793622612
10X_P7_4_TGGTTAGCATGTCGAT	1997	4523	0	0.212690692018572
10X_P7_4_TGTATTCAGCAGCCTC	2708	7343	0	0.155930818466567
10X_P7_4_TGTATTCAGCGAAGGG	1872	4092	0	0.115102639296188
10X_P7_4_TGTCCCACAGCTGTTA	2409	7953	0	0.0733056708160443
10X_P7_4_TGTCCCAGTCGCGTGT	1195	2381	0	0.19487610247795
10X_P7_4_TGTGGTAGTTCCAACA	970	1914	0	0.185997910135841
10X_P7_4_TGTGTTTCATTACGAC	1922	5840	0	0.206506849315068
10X_P7_4_TTAGGCACAGAAGCAC	3625	11306	0	0.189633822748983
10X_P7_4_TTAGGCAGTACTCGCG	1496	2868	0	0.116108786610879
10X_P7_4_TTAGTTCAGCTAACAA	3106	9300	0	0.168709677419355
10X_P7_4_TTAGTTCCATCCGGGT	2590	6468	0	0.178416821273964
10X_P7_4_TTAGTTCGTCTTCTCG	1342	2495	0	0.118236472945892
10X_P7_4_TTAGTTCTCTCTGCTG	1580	3336	0	0.135491606714628
10X_P7_4_TTATGCTTCCCAAGTA	3369	10825	0	0.190577367205543
10X_P7_4_TTATGCTTCCTTAATC	3127	9299	0	0.170233358425637
10X_P7_4_TTCCCAGCATAAGACA	1868	4755	0	0.249211356466877
10X_P7_4_TTCCCAGGTTGTTTGG	1383	2640	0	0.0924242424242424
10X_P7_4_TTCGGTCAGACAATAC	2317	5361	0	0.133557172169371
10X_P7_4_TTCGGTCCAATCCGAT	3296	9275	0	0.143827493261456
10X_P7_4_TTCGGTCCACTGTTAG	2642	6264	0	0.200351213282248
10X_P7_4_TTCGGTCTCAGCTCTC	624	1341	0	0.136465324384787
10X_P7_4_TTCTACAAGAGCAATT	1927	4095	0	0.0998778998778999
10X_P7_4_TTCTCCTTCACCGTAA	3222	10009	0	0.128484364072335
10X_P7_4_TTCTTAGGTTTGGGCC	823	1966	0	0.101729399796541
10X_P7_4_TTCTTAGTCATGGTCA	808	1710	0	0.290643274853801
10X_P7_4_TTGCCGTAGCTATGCT	2243	4861	0	0.0886648837687719
10X_P7_4_TTGCCGTGTTGCGCAC	1898	4894	0	0.137719656722517
10X_P7_4_TTGCCGTGTTGTTTGG	2805	7884	0	0.110096397767631
10X_P7_4_TTGCGTCAGCAGATCG	693	2128	0	0.0671992481203008
10X_P7_4_TTGGAACAGTTGCAGG	2260	6431	0	0.251593842326232
10X_P7_4_TTGGCAAAGTGGTAAT	343	6613	0	0.00907303795554211
10X_P7_4_TTGTAGGAGGTGGGTT	2622	7659	0	0.147147147147147
10X_P7_4_TTTACTGCAGACGCTC	2417	6647	0	0.224161275763502
10X_P7_4_TTTATGCTCGATAGAA	2860	7936	0	0.217489919354839
10X_P7_4_TTTCCTCGTATCACCA	2856	12136	0	0.0870138431114041
10X_P7_4_TTTCCTCTCCAGGGCT	2504	6454	0	0.113882863340564
10X_P7_4_TTTGCGCAGGACAGCT	1637	3312	0	0.0923913043478261
10X_P7_4_TTTGGTTCAGACTCGC	1368	3236	0	0.0642768850432633
10X_P7_4_TTTGTCAAGTGGAGAA	2009	5520	0	0.0469202898550725
10X_P7_4_TTTGTCACAAGCCATT	2596	7256	0	0.23787210584344
10X_P7_4_TTTGTCAGTCGATTGT	1911	3920	0	0.104081632653061
10X_P7_4_TTTGTCAGTGCGCTTG	3049	8656	0	0.118068391866913
