Barcode	tSNE_1	tSNE_2
10X_P7_4_AAACCTGCACGACGAA	-14.8393815089832	7.7451618614362
10X_P7_4_AAACCTGGTTCCACGG	9.43540411747621	-3.29062855232095
10X_P7_4_AAACCTGTCTCGATGA	-18.871836866201	5.72614000524561
10X_P7_4_AAACGGGAGCGCTCCA	-2.00032825111923	12.8186072953387
10X_P7_4_AAAGCAAAGTGAATTG	10.3625066010939	1.02709749285136
10X_P7_4_AAAGCAACACCGAAAG	-11.0229734584252	-11.2093341702781
10X_P7_4_AAAGTAGTCCCAAGAT	3.3262986566107	5.47850308023255
10X_P7_4_AAATGCCAGTCCATAC	10.4192964072772	-9.21100726398936
10X_P7_4_AAATGCCCAGTAAGAT	7.8798294810708	-30.3451825375033
10X_P7_4_AACCATGCACTGTCGG	-14.7755001598261	-13.2139070160761
10X_P7_4_AACCATGTCTCAACTT	3.52852588647411	5.78529433189573
10X_P7_4_AACGTTGTCCTCATTA	1.56322186664982	-7.09182429454409
10X_P7_4_AACTCAGTCACTTCAT	3.83386623370376	-26.649065714131
10X_P7_4_AACTCTTGTCTTGCGG	-10.9046226917709	5.27373200752118
10X_P7_4_AACTCTTGTTCAACCA	-1.7763708997521	-8.2663971559673
10X_P7_4_AACTTTCCACGAAGCA	3.361518225728	22.8163415567274
10X_P7_4_AAGACCTAGTCCCACG	23.9060972899038	4.20281369963425
10X_P7_4_AAGACCTCAGGGTTAG	17.6730591406931	3.07480402825739
10X_P7_4_AAGACCTCAGGTTTCA	3.61724637875701	11.9162346688566
10X_P7_4_AAGACCTTCTCAAACG	-12.055913355172	4.474420569925
10X_P7_4_AAGACCTTCTTCTGGC	-1.73364879155398	-8.17726182714286
10X_P7_4_AAGGAGCAGCCAGAAC	2.19739201178887	22.3901885951985
10X_P7_4_AAGGCAGAGCGTTGCC	-1.20247501080404	-8.14407061068173
10X_P7_4_AAGGCAGAGCTCAACT	1.82885481957831	19.0644407939048
10X_P7_4_AAGGCAGGTCACCTAA	11.8766326078703	-0.959718941983132
10X_P7_4_AAGGTTCCAGCTATTG	-13.13205310488	9.52427749789488
10X_P7_4_AAGGTTCGTATAGTAG	2.56011007723339	-26.1914211153134
10X_P7_4_AAGTCTGGTAAGAGGA	-16.5867938912269	-12.8591641905862
10X_P7_4_AATCCAGCATGATCCA	-8.14234300983559	5.41367167827291
10X_P7_4_AATCCAGTCAGTTAGC	3.56017870181813	-26.41987847158
10X_P7_4_AATCCAGTCTTGTCAT	-16.0219117605893	-13.3331586529069
10X_P7_4_AATCGGTAGACAGGCT	-16.0127154808926	-13.6130412722265
10X_P7_4_ACACCAAAGAAGCCCA	9.99450808358041	-8.4933361123315
10X_P7_4_ACACCAACATCTCGCT	17.0208755712195	2.87579134760424
10X_P7_4_ACACCCTCAGTCGATT	18.0336941929537	3.2196889482028
10X_P7_4_ACACCCTTCGAGCCCA	16.9113631444446	3.22223924525065
10X_P7_4_ACACCGGTCTAACTGG	-18.8419966591926	5.81440321489023
10X_P7_4_ACACTGACATGCCACG	15.8305992423059	0.889059292121586
10X_P7_4_ACACTGATCAACACGT	22.2850331337807	5.60884291553265
10X_P7_4_ACAGCCGGTAGCGTAG	-1.60613022634285	12.6677787111491
10X_P7_4_ACATACGTCACTGGGC	3.63958729422144	23.8247272504348
10X_P7_4_ACATCAGAGAGCCCAA	16.4232699764687	0.911999084436332
10X_P7_4_ACATCAGAGTTTAGGA	7.15299903542326	-29.847671024285
10X_P7_4_ACATCAGCAGATCCAT	19.2571471714803	2.25068408464568
10X_P7_4_ACATCAGTCTCTTGAT	-26.9232256883369	7.12837938574742
10X_P7_4_ACATGGTAGAGTTGGC	2.12893506515221	5.29795794625156
10X_P7_4_ACATGGTAGCTAAGAT	-15.0657114399653	5.45886329658103
10X_P7_4_ACATGGTGTAAGTTCC	3.32426500668907	-26.3737376801724
10X_P7_4_ACATGGTTCCACGTGG	-19.1428959894087	7.05106064428719
10X_P7_4_ACCCACTAGATATACG	-7.51385743208665	6.34513720525778
10X_P7_4_ACCGTAAAGGATGGTC	-12.8376036620883	6.82374359485883
10X_P7_4_ACCGTAACAACTTGAC	20.4589162554931	2.6714576512397
10X_P7_4_ACGAGCCAGCGCTCCA	3.46617833834891	-26.630015305857
10X_P7_4_ACGAGCCAGCTCTCGG	8.06958696927253	-29.2918021071489
10X_P7_4_ACGAGGATCTCTTGAT	-15.4553728502497	-12.9781712723617
10X_P7_4_ACGATACAGCCGTCGT	-17.2219574987645	5.94767794875721
10X_P7_4_ACGATACCACAGCGTC	-1.79762331267591	-8.18767014298966
10X_P7_4_ACGATGTAGACAAGCC	2.18336131430745	5.07679127009985
10X_P7_4_ACGATGTCAAACAACA	-24.0510666611925	4.26585728760702
10X_P7_4_ACGATGTCATACGCTA	16.607451345711	-0.28944625083411
10X_P7_4_ACGATGTTCTACGAGT	10.5427147153042	-0.478223071548604
10X_P7_4_ACGCAGCAGTTACGGG	1.75828677894097	5.59838857890175
10X_P7_4_ACGCCGAAGCCCAACC	23.9243679344288	5.39240142694455
10X_P7_4_ACGCCGATCAGTCAGT	4.04249614744144	5.64975522785054
10X_P7_4_ACGGAGAAGCGATATA	-13.7805029219371	-11.4171671696212
10X_P7_4_ACGGAGAGTCACACGC	9.43451177632552	-7.13750270909582
10X_P7_4_ACGGCCACAACTGCTA	11.8955206217183	-1.70250907811203
10X_P7_4_ACGGGCTAGTAGATGT	-7.30172247189559	3.19672160877904
10X_P7_4_ACGGGCTGTTTGTTTC	-25.2942960275448	6.6376898816338
10X_P7_4_ACGGGTCCAGGCTCAC	-1.73277768392775	12.9290083344838
10X_P7_4_ACGGGTCGTTGTACAC	12.8773456022253	-3.66203917702587
10X_P7_4_ACGTCAATCGCGCCAA	12.622250216405	-5.5004456116406
10X_P7_4_ACTGAGTCACTGCCAG	16.5423102767951	1.23611327698965
10X_P7_4_ACTGAGTTCGACCAGC	9.12769778124679	-8.96819344602874
10X_P7_4_ACTGATGAGCTCTCGG	-16.6178668548532	5.47490730782943
10X_P7_4_ACTGATGTCGGTTAAC	18.0596604241021	0.598721029484189
10X_P7_4_ACTGCTCAGACCCACC	10.0750479097333	-5.75186958217769
10X_P7_4_ACTGCTCAGAGGGCTT	4.16123217100444	23.9015010002675
10X_P7_4_ACTGCTCAGCCTTGAT	22.681136439913	2.40773671816404
10X_P7_4_ACTGCTCAGCTAGTTC	21.9415316460704	5.75689026227502
10X_P7_4_ACTGCTCGTGCGGTAA	-14.279379232358	5.57914527909037
10X_P7_4_ACTTACTAGAAACCGC	-13.7013241605324	7.14414458794371
10X_P7_4_ACTTGTTCATCCAACA	-12.0456995902373	7.57480071461039
10X_P7_4_ACTTGTTCATGACATC	15.1822553129609	-1.08910973001639
10X_P7_4_AGAATAGAGCACGCCT	18.5524006481035	3.84782298140484
10X_P7_4_AGAATAGTCTCTGCTG	8.40502749960332	-8.68214925747244
10X_P7_4_AGACGTTTCTCGATGA	-13.9150415044175	-13.1163234226412
10X_P7_4_AGAGCGAAGCACGCCT	-17.9440439482267	7.02974066309762
10X_P7_4_AGAGCGAAGTGTGGCA	14.0788203271431	-7.79454292521093
10X_P7_4_AGAGCGACAACACCCG	1.44665089884999	5.45851225377692
10X_P7_4_AGAGCGATCAATCACG	15.2629099180002	-2.01891306890922
10X_P7_4_AGAGCGATCCGTAGTA	-14.5390238801862	-12.0554564651723
10X_P7_4_AGAGCTTAGTACGTTC	-15.4423514905747	7.09146647609408
10X_P7_4_AGAGTGGAGTCCGTAT	-14.3803484740772	8.10414789755346
10X_P7_4_AGAGTGGCATGCCACG	10.0919027236373	-4.36084328285744
10X_P7_4_AGATCTGAGCGATCCC	19.1820138798585	1.38117999594757
10X_P7_4_AGATCTGGTCTCTTTA	-0.306381918888757	20.0618036664744
10X_P7_4_AGATCTGTCTGTACGA	5.23531408604447	-28.0056011507518
10X_P7_4_AGCATACGTTACGTCA	-17.455048167893	8.54298713422733
10X_P7_4_AGCGGTCAGTATCTCG	-22.2425202012673	6.09633942163301
10X_P7_4_AGCGTCGGTGCAGGTA	24.5130257451147	4.91622775540625
10X_P7_4_AGCTCCTCACTAGTAC	1.81050976359146	5.59372528971563
10X_P7_4_AGCTCTCTCCCAAGTA	14.0836748882294	-2.60267535843045
10X_P7_4_AGCTTGAAGGGATGGG	6.96306193122502	-28.7034005967743
10X_P7_4_AGCTTGATCCACGTTC	-1.54596034876659	-7.92626186270152
10X_P7_4_AGGCCACAGCGCTCCA	6.1794359474531	-28.7836395825514
10X_P7_4_AGGCCACGTATCGCAT	-13.7608473825688	5.07743000470052
10X_P7_4_AGGCCACTCGCTTAGA	21.2924163644447	4.59422272493305
10X_P7_4_AGGTCATGTATTCGTG	-13.0534161780706	6.0874947478845
10X_P7_4_AGGTCATGTCAGTGGA	13.0837139734119	-3.95319346491501
10X_P7_4_AGGTCATGTTACGACT	-13.7844054606723	7.31564198585594
10X_P7_4_AGGTCCGCACCACGTG	-22.3018163548898	5.79662023654118
10X_P7_4_AGTCTTTCAGTGGGAT	4.14308972986537	11.919683409492
10X_P7_4_AGTCTTTCATCATCCC	24.9749719338434	1.67568534549585
10X_P7_4_AGTCTTTGTATTACCG	25.0135963770987	2.53777099206917
10X_P7_4_AGTGAGGCACATTCGA	-1.38054187091499	12.7045834197153
10X_P7_4_AGTGAGGGTAATCACC	-0.230813248689326	20.275199250638
10X_P7_4_AGTGGGACAGCCTTGG	23.7444962003024	4.45991319003395
10X_P7_4_AGTGGGATCTCTAAGG	-16.1379292241254	-11.7458301244441
10X_P7_4_AGTGTCAAGCCACCTG	-19.3209333350568	9.64796189796673
10X_P7_4_AGTGTCACACATGGGA	16.4228655594801	4.14600283320325
10X_P7_4_AGTTGGTCAGTTAACC	10.3836322118681	-0.0618241646304251
10X_P7_4_AGTTGGTGTATCAGTC	8.57829403241335	0.148007836954501
10X_P7_4_AGTTGGTGTGACTACT	-25.1444710556351	6.65924732428776
10X_P7_4_ATAAGAGAGGGCTCTC	-15.1767291280581	-13.2619414100954
10X_P7_4_ATAAGAGAGTACGCGA	-20.8705455865968	10.2771162072265
10X_P7_4_ATAAGAGGTGTGCCTG	-12.367608806716	8.21965695215971
10X_P7_4_ATAGACCTCTCACATT	-8.94175139914303	5.22054277285484
10X_P7_4_ATCACGATCAACACCA	-16.1193010443669	10.7416747108622
10X_P7_4_ATCCACCAGAAACCTA	-1.16827581361854	12.7570461742048
10X_P7_4_ATCCACCGTCGACTAT	25.8593608792652	6.61910786795322
10X_P7_4_ATCCGAACAAGCCCAC	25.4551619051361	5.04074676797207
10X_P7_4_ATCCGAATCAAACCGT	9.95190839389897	-4.98523355505631
10X_P7_4_ATCGAGTAGGGTGTTG	3.78039358364746	-26.2879220520154
10X_P7_4_ATCGAGTGTCGAACAG	-20.8264902886946	10.2339901211838
10X_P7_4_ATCTACTAGGAATCGC	25.4607357546084	6.97015875144759
10X_P7_4_ATCTACTAGTGGACGT	7.43246972637239	-7.49225332242751
10X_P7_4_ATCTACTGTTGAGTTC	-9.97991094957645	3.35839493073772
10X_P7_4_ATCTGCCAGGTGGGTT	24.8249622372766	5.23939732672554
10X_P7_4_ATGAGGGTCGGACAAG	-0.748391014613414	19.7387770792364
10X_P7_4_ATGAGGGTCTACTTAC	9.55625478479215	-5.6480756386345
10X_P7_4_ATGCGATAGATGCCAG	22.5390336821936	4.56227942121936
10X_P7_4_ATGCGATGTCGCATAT	7.61908056933003	-6.15386602295872
10X_P7_4_ATGTGTGTCGGCCGAT	9.2752245557178	-9.78009468043113
10X_P7_4_ATTATCCAGACTACAA	-18.2824618729907	-15.6996266760182
10X_P7_4_ATTATCCCACCGAATT	3.78510452089334	24.3937769592567
10X_P7_4_ATTATCCGTCTTCGTC	-11.7321942962626	5.00751612967259
10X_P7_4_ATTCTACCAAACAACA	24.7731053116699	6.84913284985584
10X_P7_4_ATTCTACCATATACCG	11.8246506949367	-8.26406846095131
10X_P7_4_ATTCTACTCTCCCTGA	-15.4660204314089	-14.3512718923072
10X_P7_4_ATTGGACCATGCAATC	-26.0531889950826	7.25584568403517
10X_P7_4_ATTGGTGAGAGTACCG	3.64886413107508	5.67992680432854
10X_P7_4_ATTGGTGTCTGAGGGA	-18.2141872231475	-14.296014999221
10X_P7_4_ATTTCTGCACCACCAG	4.18219115823439	24.261846929109
10X_P7_4_ATTTCTGTCCCGGATG	20.7828857137618	4.35461446774897
10X_P7_4_ATTTCTGTCTAGAGTC	8.36102845574435	-4.82325740109465
10X_P7_4_CAACCAACAAGAAGAG	-13.5221394993384	-12.234922075317
10X_P7_4_CAACCAACAGCTATTG	-7.50617207158492	5.13287936677925
10X_P7_4_CAACCTCCATTAGGCT	-19.4377283344709	5.69671684525933
10X_P7_4_CAACTAGCACATAACC	1.8307992157065	-25.8001898377341
10X_P7_4_CAACTAGGTTAGATGA	1.4529372935999	21.2765713009654
10X_P7_4_CAACTAGTCCTGTACC	3.28696177958655	11.9092980187538
10X_P7_4_CAAGAAAAGAGAGCTC	12.1702025225698	0.244666535798479
10X_P7_4_CAAGAAAGTATGGTTC	18.9500027341453	0.276402782945244
10X_P7_4_CAAGATCTCACGCGGT	8.62026325306282	-8.00295147666326
10X_P7_4_CAAGTTGAGATCTGAA	3.99461640687763	11.9183964527574
10X_P7_4_CAAGTTGCAATCTGCA	4.4754874131212	-27.5025018704208
10X_P7_4_CACAAACAGATGCCAG	1.23850252173147	-7.24058516251683
10X_P7_4_CACAAACTCGCGATCG	22.7766078214741	3.50030880435076
10X_P7_4_CACACAAAGCCCTAAT	7.39755068595406	-29.8574997642283
10X_P7_4_CACACTCAGTGGACGT	1.31244277884132	4.96291790590132
10X_P7_4_CACAGGCGTACTCTCC	22.3449986283288	2.17074091011489
10X_P7_4_CACAGGCGTCGAATCT	26.0290459006958	6.27763280193332
10X_P7_4_CACATAGAGGGATACC	-0.927049349479513	-7.76290242013664
10X_P7_4_CACATAGCACACATGT	24.6470154691461	5.19934778221848
10X_P7_4_CACATAGGTCTCTTTA	8.87423648657102	-5.4028908801518
10X_P7_4_CACATAGTCCCAAGTA	-28.4842469027062	7.75131046644119
10X_P7_4_CACATTTTCTGTCAAG	-19.5096190279031	6.92555485771526
10X_P7_4_CACTCCATCCGCAGTG	-1.57328990878687	12.6582917469139
10X_P7_4_CACTCCATCGTGTAGT	-24.753866170704	6.40549552958203
10X_P7_4_CAGAATCAGCTCCTCT	-14.5999428809651	-13.8403602026232
10X_P7_4_CAGAATCCAATAACGA	17.7965250421358	-0.931922093721755
10X_P7_4_CAGAGAGCACCTTGTC	-15.92883065826	10.7828419699942
10X_P7_4_CAGATCAAGAAGGCCT	-26.7849544035848	6.71671375011497
10X_P7_4_CAGATCACAGCTGCAC	15.5794731070313	0.44613086256009
10X_P7_4_CAGATCAGTACGCACC	-13.0987995472069	7.71633717555643
10X_P7_4_CAGCAGCAGACTAGAT	8.84213357309332	0.952995939740677
10X_P7_4_CAGCAGCGTGAAAGAG	3.04931786715256	22.5453737656264
10X_P7_4_CAGCAGCGTTGTTTGG	-22.3365362154681	6.15930782139176
10X_P7_4_CAGCCGACACAGTCGC	22.4188282108225	4.18563724490833
10X_P7_4_CAGCGACCAAACGCGA	-7.84950911192095	5.31813776362001
10X_P7_4_CAGCTAACAAGAGTCG	-27.3239933334793	7.44917535377927
10X_P7_4_CAGGTGCTCACCACCT	8.30419013323956	-29.1645403953521
10X_P7_4_CAGGTGCTCTCCGGTT	-21.5046265193804	10.0133159992758
10X_P7_4_CAGTAACAGTGGTAAT	7.58046891396179	-29.786773209865
10X_P7_4_CAGTCCTAGGATTCGG	6.56728391343921	-29.0673415336403
10X_P7_4_CAGTCCTGTGAGCGAT	-20.6136819869534	8.51365762218543
10X_P7_4_CATATGGTCAGGTAAA	-21.4918713253634	10.2893890775734
10X_P7_4_CATATGGTCGTTTATC	11.2301090112793	-8.25049981965144
10X_P7_4_CATATTCAGACGCTTT	5.4737371821334	-27.7374562136582
10X_P7_4_CATCAGATCGGGAGTA	2.84114369471859	5.33083000915805
10X_P7_4_CATCCACCAATACGCT	2.48485534911878	-26.0255478098561
10X_P7_4_CATCGAAAGGCTCTTA	11.4502157128669	0.468310188687908
10X_P7_4_CATCGAAAGTACGCGA	11.1094920605687	-7.15598285921624
10X_P7_4_CATCGAATCAACGGGA	8.90189722909244	-4.77252827543966
10X_P7_4_CATCGGGCAGCTGTAT	-10.4712803581868	6.0813406923476
10X_P7_4_CATCGGGCATAAAGGT	-12.7727898623656	7.51268187431027
10X_P7_4_CATCGGGGTCGCTTTC	15.3960924849354	-2.36443696256557
10X_P7_4_CATCGGGGTTGTACAC	-19.8098512882095	6.54549064062956
10X_P7_4_CATGACATCCACGTGG	16.5412216117065	3.81524356083427
10X_P7_4_CATGCCTCATTGGCGC	-23.1547875768493	6.22770883623836
10X_P7_4_CATGGCGCACCCATGG	-8.42299725350762	4.627663977455
10X_P7_4_CATGGCGGTGCAGGTA	0.857599619012129	23.4312810502691
10X_P7_4_CATTCGCCATTTCACT	11.0007450670212	-0.272885381961496
10X_P7_4_CCAATCCCACTACAGT	1.88255984286921	-25.6637778007383
10X_P7_4_CCACCTAAGGCCCGTT	-25.4288718255377	6.99520854248887
10X_P7_4_CCACCTAGTCACTGGC	-17.2159810473749	-15.0506573678064
10X_P7_4_CCACCTATCAGCATGT	4.27061734671201	11.9497540400349
10X_P7_4_CCACGGAAGGCCCGTT	-0.388901726371897	19.5312844108941
10X_P7_4_CCAGCGACACGAAAGC	-17.6563632444191	-13.3001622821241
10X_P7_4_CCATGTCCACTTGGAT	-24.4173100147512	6.58763988021368
10X_P7_4_CCATGTCTCCCATTAT	2.25456757834826	23.8143586337797
10X_P7_4_CCCAATCCAGGTGGAT	1.94522569174153	21.3248121585208
10X_P7_4_CCCAATCTCATCTGCC	12.3624768548032	-1.31944192242886
10X_P7_4_CCCAGTTCATCGTCGG	3.23272594153206	21.0608649861431
10X_P7_4_CCCATACGTAGCTAAA	-9.53507226775337	6.60992487400526
10X_P7_4_CCCTCCTTCAAACAAG	1.91049064257337	18.8710234054511
10X_P7_4_CCCTCCTTCATTGCGA	16.5659092728726	3.23577999481056
10X_P7_4_CCGGGATGTTGGTTTG	22.4133813977633	4.32325686642932
10X_P7_4_CCGTACTCATCGGGTC	-19.3435228218497	6.4664099114649
10X_P7_4_CCGTGGAAGTAACCCT	-6.79569972731187	4.68343553946588
10X_P7_4_CCGTGGATCTATCCTA	-15.8263699049281	-14.5044306134101
10X_P7_4_CCGTTCAGTAGGCTGA	11.6831185201266	-7.44301424367029
10X_P7_4_CCTAAAGGTTCGTCTC	-13.7240594872675	8.7060902024713
10X_P7_4_CCTACACCAACTGCTA	-24.7996300352609	7.48175618274812
10X_P7_4_CCTACCAGTAGGGTAC	-0.434470821659569	20.2857662440808
10X_P7_4_CCTACCATCGCTTGTC	-7.16017547037988	4.82515575643456
10X_P7_4_CCTAGCTGTGCATCTA	-25.4033691062507	6.76126918161104
10X_P7_4_CCTATTAGTCGCATAT	-0.602337123963169	18.3499995805032
10X_P7_4_CCTCAGTCAGCAGTTT	-18.2843119953851	7.29275604537533
10X_P7_4_CCTCAGTGTGCAGTAG	2.58080371968774	5.8690937561521
10X_P7_4_CCTCTGAAGAAGATTC	-14.8340668120698	5.47844596663052
10X_P7_4_CCTTACGGTTCATGGT	0.591084068156489	-7.35663068441083
10X_P7_4_CCTTACGTCGCCAGCA	15.5871832767857	-5.24802718196112
10X_P7_4_CCTTCGAAGTCTTGCA	14.1625145830871	-1.40548273654634
10X_P7_4_CCTTCGAGTCACACGC	13.6614050857333	-6.28107847927486
10X_P7_4_CCTTTCTTCGTAGATC	19.7262014963335	1.84797767549546
10X_P7_4_CGAATGTAGAGCTGCA	4.75331485802906	-27.7141292714707
10X_P7_4_CGACCTTGTCTTCAAG	2.57272361137715	5.87108580668459
10X_P7_4_CGACTTCGTAGTACCT	20.8289589698368	5.12486461787269
10X_P7_4_CGACTTCTCTGATACG	7.61512198282184	-29.2423035783068
10X_P7_4_CGAGAAGAGCAGCGTA	-18.5584423899176	-15.812744344296
10X_P7_4_CGAGAAGAGCGATAGC	15.0676537080042	-2.31433001913065
10X_P7_4_CGAGAAGGTTGCGTTA	0.258053397344685	20.629161081533
10X_P7_4_CGAGAAGTCTAGCACA	-7.35243191761056	3.06342785030578
10X_P7_4_CGATGGCGTACTTCTT	-14.6345615094133	-14.279691368555
10X_P7_4_CGATGGCTCTCGTATT	1.61701864623933	4.77935187628565
10X_P7_4_CGATGTATCCCTTGTG	6.99901697529539	-28.4334017507748
10X_P7_4_CGATGTATCGAGAACG	-20.9841963690767	7.92130498537108
10X_P7_4_CGCCAAGTCCTAGAAC	13.9440594594988	-2.10117696638245
10X_P7_4_CGCGGTACAAGTACCT	22.5959490477593	5.96240583235129
10X_P7_4_CGCGGTACAGACGCCT	-16.9842372344217	-14.2615845840553
10X_P7_4_CGCGGTACAGCCTTGG	6.53586262178473	-29.3580528697398
10X_P7_4_CGCGTTTGTTCCACAA	4.35770147685024	23.542393864212
10X_P7_4_CGCGTTTGTTCGTTGA	1.27506397802069	5.07963236180323
10X_P7_4_CGCTATCCACTGCCAG	-12.9824421750996	6.0197561791356
10X_P7_4_CGCTATCCATCTATGG	-24.9035723118441	7.35357676417711
10X_P7_4_CGCTGGATCTGCGACG	11.1129834371401	0.187755674078784
10X_P7_4_CGCTTCAAGATCCCAT	15.5188454377199	2.62522685415374
10X_P7_4_CGCTTCAGTAAGCACG	-17.293593017149	-13.0875108385142
10X_P7_4_CGCTTCATCCGAATGT	-0.188388087545932	-7.30674933811972
10X_P7_4_CGGACACAGGCTACGA	3.79633596550046	-26.9597101035388
10X_P7_4_CGGACACAGTAGGCCA	-11.8236767504508	9.03111873859557
10X_P7_4_CGGACGTAGCTTTGGT	9.88227905464744	-6.28832680428758
10X_P7_4_CGGACGTAGGCTAGCA	-26.1399300573657	5.90451195965859
10X_P7_4_CGGACTGAGCAGCCTC	7.07650138979373	-5.52230609364707
10X_P7_4_CGGACTGCACTGTCGG	12.5573295507278	-8.37187498449033
10X_P7_4_CGGACTGGTCCGTCAG	11.2139149569243	-2.48083875788748
10X_P7_4_CGGACTGGTGGTACAG	15.9290025295422	-0.513950474062953
10X_P7_4_CGGAGCTCACGACGAA	19.5030680379959	2.89562502848998
10X_P7_4_CGGAGCTGTTAAGGGC	23.3475591814294	4.34271814220755
10X_P7_4_CGGAGCTTCCTGCAGG	-13.2692069934765	6.98572558011027
10X_P7_4_CGGAGTCCACGAGGTA	19.982130995938	0.518365438696366
10X_P7_4_CGGAGTCCAGACACTT	-7.75756312633606	2.83340637498253
10X_P7_4_CGGAGTCTCAGCAACT	-18.6156931971622	-15.7133195627116
10X_P7_4_CGGCTAGGTCAGTGGA	22.3483044741902	3.05698204395732
10X_P7_4_CGGGTCATCAGGATCT	16.2001941164737	2.7621679919094
10X_P7_4_CGGGTCATCCCAGGTG	4.11274775773717	11.9312816841748
10X_P7_4_CGGGTCATCTGCGTAA	-17.0886689139177	7.40617604328805
10X_P7_4_CGGTTAATCCGCAGTG	12.79177005683	-7.12664245784784
10X_P7_4_CGGTTAATCTGTCCGT	4.02035798334253	-27.1308511663172
10X_P7_4_CGTAGCGCACCACGTG	3.92575253315659	23.3350587308833
10X_P7_4_CGTAGCGCATGGGAAC	10.1714159890385	-8.35413628597979
10X_P7_4_CGTAGGCCATTCGACA	24.8151297352576	3.42087359839739
10X_P7_4_CGTCACTGTAACGCGA	-19.2291361816588	8.10597551520048
10X_P7_4_CGTCAGGTCGGCTTGG	7.92241105095977	-6.03080978165549
10X_P7_4_CGTCCATAGACAATAC	-7.03068518573958	4.3889763638127
10X_P7_4_CGTCCATAGGAGCGAG	-14.4181714784922	-10.6461381925422
10X_P7_4_CGTCCATCAGCTCGAC	-1.2001900329793	12.78989046016
10X_P7_4_CGTCTACCAAATCCGT	15.7572251584995	2.66131054115916
10X_P7_4_CGTGAGCAGGGCATGT	-18.1916076880449	7.14289238772993
10X_P7_4_CGTGAGCAGTACACCT	8.19846218159155	-29.8867869177833
10X_P7_4_CGTGTCTAGCGATAGC	0.459185196768629	-7.35105773679718
10X_P7_4_CGTGTCTAGTGGACGT	-16.7923215731836	-12.4356582970372
10X_P7_4_CGTGTCTCACTCTGTC	-25.9525379567696	6.06659801528396
10X_P7_4_CGTTCTGTCGTGGGAA	-18.3256427658306	-15.403580432555
10X_P7_4_CTAAGACGTACATCCA	-7.72300666411824	4.77601774475298
10X_P7_4_CTAAGACGTGACAAAT	-22.0832465128916	8.53147007966652
10X_P7_4_CTAAGACGTTGACGTT	3.30627073028351	11.9012932800775
10X_P7_4_CTAAGACTCGTGGACC	8.31385980305424	2.10738270021492
10X_P7_4_CTAATGGGTACAGTGG	-20.6241142334327	5.87906448714778
10X_P7_4_CTACACCAGAAACGCC	-15.9946442327517	-12.5226885465896
10X_P7_4_CTACACCGTCCAGTTA	22.0014569247913	3.61216788219894
10X_P7_4_CTACATTAGTATTGGA	4.36012337385805	22.8565507775428
10X_P7_4_CTACCCACACGAAACG	15.5742890638743	-5.20176849628317
10X_P7_4_CTACGTCGTCTCACCT	14.9649839348762	-5.66850659171398
10X_P7_4_CTAGCCTGTTCGCGAC	-10.6397565039079	6.21933177832836
10X_P7_4_CTAGTGAAGCAAATCA	-17.8017812390406	-13.8010462971308
10X_P7_4_CTAGTGACAATGGTCT	22.2036186091881	5.61397297310089
10X_P7_4_CTAGTGATCGTGACAT	16.6503884014612	-1.71625129949075
10X_P7_4_CTAGTGATCTCCCTGA	-6.09242313379059	4.26301319313943
10X_P7_4_CTCAGAACACCCTATC	-15.0166883288981	6.62007689178461
10X_P7_4_CTCAGAATCGCAGGCT	24.0750711434899	6.2705941978176
10X_P7_4_CTCATTACACGAAATA	-25.1270708780983	7.4494299010317
10X_P7_4_CTCGAGGGTCGCATCG	17.033479210753	3.71532569112534
10X_P7_4_CTCGGAGGTCAACTGT	-27.8034481506903	7.58319539326031
10X_P7_4_CTCGGAGTCATCACCC	-7.81222871958405	4.72456556656724
10X_P7_4_CTCGGAGTCCTCTAGC	0.239867476762364	20.8350242714763
10X_P7_4_CTCGTCACATTATCTC	-16.3863667307591	-12.4179688634991
10X_P7_4_CTCGTCAGTATGAATG	1.86597568334605	23.2496681587215
10X_P7_4_CTCGTCAGTGGTCTCG	8.71345587348919	-6.80262504933166
10X_P7_4_CTCTAATAGGGTCGAT	4.53806587684095	-27.1121398783138
10X_P7_4_CTCTACGAGTGGAGAA	-8.28524681068457	3.44231424064584
10X_P7_4_CTCTACGCAAAGCAAT	12.5880262738755	-4.26442158464577
10X_P7_4_CTCTGGTAGGAGCGTT	-1.29536941448131	-8.15831915569911
10X_P7_4_CTCTGGTGTTCCCGAG	-7.23490477333338	6.20944463031129
10X_P7_4_CTCTGGTGTTTGGCGC	22.8881632116557	3.15555872111035
10X_P7_4_CTGAAACTCCGAATGT	18.4571057633923	2.03368443476379
10X_P7_4_CTGAAGTGTAGAGCTG	7.39907064074723	-30.1564592883895
10X_P7_4_CTGATAGGTGAAGGCT	11.6440639896013	-6.7963947515458
10X_P7_4_CTGATAGGTTAAAGAC	-14.3881512296548	-13.7490735069727
10X_P7_4_CTGATCCCAAGCCCAC	-8.23972345286733	4.77896743871528
10X_P7_4_CTGCCTAAGGGTGTTG	23.8873139887978	3.06785234360189
10X_P7_4_CTGCGGATCGGAGCAA	26.0460268522822	7.22504794900115
10X_P7_4_CTGCTGTTCCTCGCAT	22.272705841405	3.38143815891787
10X_P7_4_CTGTTTAGTTAAAGTG	-8.90931382049313	5.42603431115206
10X_P7_4_CTGTTTATCGTCCGTT	-18.4120941832043	-16.082575327854
10X_P7_4_CTTACCGAGTCCATAC	-21.0199344030948	8.6524224960057
10X_P7_4_CTTACCGGTCCATCCT	13.2016004573561	-3.93718339446333
10X_P7_4_CTTACCGTCTTGCAAG	3.82798175619081	11.9041484231808
10X_P7_4_CTTCTCTCACCGCTAG	10.1412831893836	-6.8848290904032
10X_P7_4_CTTCTCTTCATTCACT	-14.2585896327712	-11.735432872419
10X_P7_4_CTTGGCTAGACTTTCG	2.28782336109875	23.9508929144673
10X_P7_4_GAACGGACAGTCAGCC	-1.86116738168243	-7.32895016328486
10X_P7_4_GAACGGAGTGCGAAAC	-15.1698601615037	-11.1989007858478
10X_P7_4_GAACGGATCCTTCAAT	17.9453032963526	-0.599510101888447
10X_P7_4_GAAGCAGTCACTATTC	-14.7425787212833	8.12352262488405
10X_P7_4_GAAGCAGTCGAATCCA	-10.2588513891974	5.0235928010515
10X_P7_4_GAATAAGTCCCATTAT	15.2778412835086	-1.54782772126615
10X_P7_4_GAATGAATCGAATGCT	-1.4032235517162	12.9352409419941
10X_P7_4_GACACGCAGGGTTCCC	24.2610296267993	5.72228044739905
10X_P7_4_GACACGCCAGCCTTGG	12.1080608123579	-6.26576678404039
10X_P7_4_GACACGCCATTTCAGG	-15.5085767772612	-12.7901092038918
10X_P7_4_GACAGAGAGATCGATA	-14.9086627187771	-11.8654820600708
10X_P7_4_GACAGAGGTATTCGTG	2.8279374767545	23.7740032689904
10X_P7_4_GACAGAGGTGCACGAA	-11.7331384653787	4.07352958338335
10X_P7_4_GACCTGGTCATAACCG	1.67700422298262	-25.5856659228221
10X_P7_4_GACGTTAAGTGTACCT	-13.6289740468772	7.67412161691818
10X_P7_4_GACGTTATCCACGAAT	24.5429156424238	6.27502711897207
10X_P7_4_GACTACACAAGCTGAG	-13.2499805462233	7.85400404496157
10X_P7_4_GACTACAGTAGCGTGA	11.6507575272186	-8.86220915121214
10X_P7_4_GACTGCGGTGCAACTT	-9.60947123840246	3.27698445705972
10X_P7_4_GAGCAGAAGATATGCA	-26.0700113236416	6.6106115107282
10X_P7_4_GATCAGTAGTCTCCTC	8.98220065442678	0.944300311904134
10X_P7_4_GATCAGTGTTTGCATG	-16.4823448779914	-13.2171771886778
10X_P7_4_GATCGATCACATGGGA	3.58857479656868	-26.9064467615119
10X_P7_4_GATCGCGAGGGCTCTC	-14.3532585681302	-10.2569378047724
10X_P7_4_GATCGCGGTTGCGCAC	11.4914454144098	-6.0377745556809
10X_P7_4_GATCGTATCTCGGACG	-23.9517934750098	8.08278872340608
10X_P7_4_GATCTAGGTCTAGAGG	-0.607658526590237	18.46191353942
10X_P7_4_GATCTAGTCTTTACAC	1.4040675545558	5.49006688574324
10X_P7_4_GATGAAAAGAAGATTC	14.6996040773924	-2.84379442292743
10X_P7_4_GATGAAAAGACGACGT	4.11739455057135	11.9147418424705
10X_P7_4_GATTCAGCACAGCGTC	10.6053395196449	-6.31539802244717
10X_P7_4_GATTCAGGTAATCGTC	3.51953443614024	5.70199306870667
10X_P7_4_GCAAACTAGCCCTAAT	11.5740790438276	-7.1596938355493
10X_P7_4_GCAAACTGTCAGAGGT	19.9118606346976	4.99358141249196
10X_P7_4_GCAAACTGTTTCCACC	-11.5714412091237	7.93969117510822
10X_P7_4_GCACTCTGTAAACCTC	-19.7482145923805	6.39751528335481
10X_P7_4_GCAGCCAGTTGAACTC	2.35023615316732	23.1604780353274
10X_P7_4_GCAGTTAAGTATTGGA	12.0037020174169	-0.0498842574340877
10X_P7_4_GCAGTTATCGCACTCT	-17.2064096112087	6.19466004723672
10X_P7_4_GCATACATCCCTGACT	9.255939650621	-6.54097105825564
10X_P7_4_GCATGCGCAGCTGCTG	1.47300518885205	23.5127650266539
10X_P7_4_GCATGTACACCTCGTT	4.93896620582645	-27.3757382182653
10X_P7_4_GCCAAATAGATATACG	-13.2676903341093	-12.665672492583
10X_P7_4_GCCAAATCACCATCCT	-6.88545908667003	7.19109862844238
10X_P7_4_GCCTCTACATCGGAAG	-24.7608574793335	5.16558019690915
10X_P7_4_GCCTCTATCAAGAAGT	-14.422700275295	8.2861258587085
10X_P7_4_GCGACCAAGTGACATA	6.78029452253614	-29.2396897500804
10X_P7_4_GCGAGAAGTCGAGTTT	13.30558097475	-2.77460233150287
10X_P7_4_GCGCCAAAGGCATTGG	-18.5663346545647	-16.2771108499643
10X_P7_4_GCGCGATGTGCTGTAT	1.8981685236849	-25.536418694901
10X_P7_4_GCGCGATTCTTGCATT	9.24876674738237	1.67811122675343
10X_P7_4_GCTCCTAGTCTAAAGA	9.92405417722042	-7.89542805461872
10X_P7_4_GCTCTGTAGTCGTTTG	-12.571946835792	7.7967778066905
10X_P7_4_GCTCTGTGTCTAAAGA	-20.8184684865662	8.57289144020593
10X_P7_4_GCTGCAGAGCCCTAAT	15.9119028361481	3.2369806562675
10X_P7_4_GCTGCAGTCAACGGGA	-18.4972446689219	6.66293501517244
10X_P7_4_GCTGCAGTCGTTTGCC	12.5243582318501	-3.75916495620331
10X_P7_4_GCTGCAGTCTGCGACG	1.4802428018089	-25.3716734037925
10X_P7_4_GCTGCGAAGAACAACT	-16.0648617706618	-14.3364476259693
10X_P7_4_GCTGCGAGTAAACGCG	9.51087705677587	-4.84604794960869
10X_P7_4_GCTGCGATCGAATGCT	-0.429197540245964	-7.43659693694897
10X_P7_4_GCTGCTTCAGCTGTAT	15.7722995845126	2.09985129243812
10X_P7_4_GCTGCTTGTCCGAAGA	9.02567372323486	1.29991403988285
10X_P7_4_GCTGCTTTCCAATGGT	14.7204268427853	-2.17674819174221
10X_P7_4_GCTGGGTCAATGAATG	4.84147571263079	-27.4302513162057
10X_P7_4_GCTTCCAAGTGAAGTT	-0.595560842174749	18.8471974522239
10X_P7_4_GCTTCCACACGAGGTA	25.9803895691904	7.10525560558147
10X_P7_4_GGAAAGCAGGAGTAGA	23.2439554196341	4.8795290714329
10X_P7_4_GGAACTTTCACCCTCA	3.08227689465984	5.87903779686989
10X_P7_4_GGAACTTTCTGAGTGT	3.24012078921906	11.9276001445223
10X_P7_4_GGACAGAAGTCAAGGC	11.7218563747319	-8.73776348532963
10X_P7_4_GGACGTCAGGGTGTTG	-12.6622170082298	-12.5877976672371
10X_P7_4_GGACGTCCACGCGAAA	12.530428289124	-5.47672836208887
10X_P7_4_GGAGCAACATTACGAC	2.59535924249125	5.0596825227534
10X_P7_4_GGAGCAATCTGTCAAG	-18.9492894025514	7.60444946445692
10X_P7_4_GGATGTTAGTGTACGG	-10.3076755077492	3.62988025844934
10X_P7_4_GGATGTTTCGTGGTCG	4.12330403548706	11.9129955087525
10X_P7_4_GGATTACAGAGGACGG	2.10127194321019	22.71153343106
10X_P7_4_GGATTACCACGGTAAG	16.0557304285233	-1.73838060290597
10X_P7_4_GGATTACGTGCCTGTG	1.56095697631139	-25.4717443326647
10X_P7_4_GGCAATTCATGATCCA	-27.4054188872818	7.48877902589652
10X_P7_4_GGCAATTGTAAATACG	-13.1145849759668	4.90436972207674
10X_P7_4_GGCCGATCAAGGACTG	-13.2495447195831	8.18947077039096
10X_P7_4_GGCGACTCAAATCCGT	13.0155577501771	-9.09202728348581
10X_P7_4_GGCGACTCAGTATAAG	1.83539489896691	20.6780511231365
10X_P7_4_GGCGTGTCAATCCAAC	-13.0449906130593	-12.5461649665144
10X_P7_4_GGCGTGTTCGTGGACC	3.32093513285876	5.49941633691551
10X_P7_4_GGCTCGACAAGCTGTT	18.9421507988407	-0.611462056933751
10X_P7_4_GGCTCGATCACATACG	-7.09054476706416	5.76590914431873
10X_P7_4_GGCTGGTCAGGGCATA	-8.25808460599002	5.21823272840585
10X_P7_4_GGCTGGTGTGTCGCTG	-28.9948618029017	7.89080393029145
10X_P7_4_GGGAATGTCCGCAGTG	-25.3913193026886	5.9707983981947
10X_P7_4_GGGACCTCACTCTGTC	-10.0195889462136	5.77931794128229
10X_P7_4_GGGACCTCAGACGCAA	1.05765695036789	22.2425593276942
10X_P7_4_GGGACCTGTTATCGGT	2.14829219047535	22.6027365872495
10X_P7_4_GGGAGATAGGTGCTTT	6.88178124643105	-29.6334233339064
10X_P7_4_GGGATGATCCGAAGAG	-1.85661338448865	12.8433013342523
10X_P7_4_GGGCATCCAGTCGATT	24.4137384172246	5.85548183078028
10X_P7_4_GGGCATCGTACCCAAT	3.23061545399799	22.481116884174
10X_P7_4_GGGTCTGCATTGTGCA	14.2006737303604	-5.06960850780066
10X_P7_4_GGTATTGCACAGAGGT	12.0762904019144	-5.61591046129934
10X_P7_4_GGTATTGGTCGGCACT	15.8668133173801	3.08124264099015
10X_P7_4_GGTGAAGTCGACCAGC	-11.7578365996184	8.2630348694798
10X_P7_4_GGTGCGTGTATATCCG	11.4980572629658	0.225453278327421
10X_P7_4_GGTGTTAAGCTAGTGG	4.53586152123991	-26.3111782235354
10X_P7_4_GGTGTTATCAGTGCAT	8.11112793242127	-6.53666163435055
10X_P7_4_GTAACGTAGCTAACAA	-12.7404210347201	-12.2519910770284
10X_P7_4_GTAACGTGTCTTGTCC	16.280796400584	3.431849833894
10X_P7_4_GTAACGTGTTGAGTTC	-19.9353202413712	9.74500451305382
10X_P7_4_GTAACGTGTTTGCATG	13.4019490046274	0.377156077828765
10X_P7_4_GTAACTGGTAAGTTCC	-1.0805602757367	-7.80208201531669
10X_P7_4_GTAACTGGTCGCGTGT	-14.4279228369105	-12.711679468177
10X_P7_4_GTAGGCCAGCTAACAA	11.3845010216855	0.785211774824283
10X_P7_4_GTAGGCCCAGCCTATA	-13.247695313994	8.27558649992399
10X_P7_4_GTAGGCCTCAACGGGA	-11.095961100662	3.46467492185242
10X_P7_4_GTAGGCCTCTCGAGTA	-1.66327608232968	-8.24777245590195
10X_P7_4_GTATCTTAGGTGATAT	-2.19922907990487	-6.74134129111806
10X_P7_4_GTATCTTTCATCGGAT	18.2026675865174	2.85323543176337
10X_P7_4_GTATTCTTCACCATAG	-28.49579943787	7.76144416033198
10X_P7_4_GTATTCTTCCGTCATC	15.8961300008104	-2.49644644180976
10X_P7_4_GTCAAGTAGAGGTTGC	26.1481679148684	6.3388414365481
10X_P7_4_GTCACAAGTTCCTCCA	-8.63686726743471	5.39195377007211
10X_P7_4_GTCACGGCATGGATGG	-19.9442514576418	4.85876995561378
10X_P7_4_GTCATTTAGTGTGAAT	-15.8908180572414	7.51592991869779
10X_P7_4_GTCATTTGTAGGAGTC	10.9071731110146	-9.46226339985396
10X_P7_4_GTCATTTTCACCGTAA	-8.34055732002703	6.79533672160976
10X_P7_4_GTCATTTTCCCAACGG	11.8022829658113	0.42412100546089
10X_P7_4_GTCCTCACATTCTCAT	9.13508654435477	-4.71926039752393
10X_P7_4_GTCCTCATCTGTCCGT	2.18497456998892	-25.8028756572684
10X_P7_4_GTCGTAAAGCTGATAA	8.4236986198251	-8.42520508379838
10X_P7_4_GTCGTAATCCTAGGGC	-17.3544476474244	-14.6135349045266
10X_P7_4_GTCGTAATCTTTAGTC	1.77562128417844	22.2068958179258
10X_P7_4_GTCTTCGAGCGTCTAT	17.8858063118676	0.82378660206872
10X_P7_4_GTGCAGCAGATGCGAC	23.0806066512733	1.55674892197408
10X_P7_4_GTGCAGCGTTGGAGGT	1.86567259046805	-25.3907034124795
10X_P7_4_GTGCATACACGCTTTC	-18.4720792091941	-15.0092843776333
10X_P7_4_GTGCATACATGGTCTA	1.63547123860556	-7.05300452858684
10X_P7_4_GTGCGGTCACGAAATA	7.77714694209522	-28.6538193392514
10X_P7_4_GTGCTTCCACATAACC	6.72249762477696	-28.7920191285094
10X_P7_4_GTGGGTCAGAGGTTGC	8.78814570362992	-30.0983944566202
10X_P7_4_GTGGGTCCAAGCTGAG	9.05547894266121	-6.4687857096261
10X_P7_4_GTGGGTCTCCAGAGGA	-1.1078785680242	-7.7524959438589
10X_P7_4_GTGTTAGAGCTGCAAG	-9.79346747575538	6.34102034592754
10X_P7_4_GTGTTAGCAACTGCTA	-19.5864524572465	7.38071228395067
10X_P7_4_GTTAAGCCATTCTCAT	23.2734731497784	2.64821475890257
10X_P7_4_GTTAAGCTCAAGGTAA	19.0321725692761	3.44084168088057
10X_P7_4_GTTCATTAGAGTCTGG	8.31014935211346	-8.47662354813057
10X_P7_4_GTTCGGGAGCTTATCG	13.5002515843149	-6.84404542323003
10X_P7_4_GTTCTCGAGGCATGTG	-18.3829860263272	6.85948109017166
10X_P7_4_GTTCTCGAGTACGTTC	1.44672472065681	21.8217659747132
10X_P7_4_GTTCTCGGTCTAGCGC	-19.4656679860569	7.33390407566322
10X_P7_4_GTTTCTACAGATCCAT	-28.6557438721817	7.80057511049217
10X_P7_4_TAAACCGAGCCACCTG	-24.3408392975163	6.92278662556309
10X_P7_4_TAAGAGACACGTAAGG	-25.1323317892536	7.63039798227555
10X_P7_4_TAAGAGACATGGATGG	12.8688526420274	-9.09089444436141
10X_P7_4_TAAGAGATCCCGGATG	-9.92386111401483	5.79214580023957
10X_P7_4_TACAGTGGTTCCACGG	-0.239264236976153	20.4163596772603
10X_P7_4_TACCTATAGCGAGAAA	19.9536836745878	2.789660802055
10X_P7_4_TACCTATGTCGCATCG	-18.3634544138204	-16.0880817862836
10X_P7_4_TACCTTAGTCCAACTA	10.1983586329117	0.537248310947413
10X_P7_4_TACCTTATCGTGGGAA	4.15857383228547	-26.9127171728802
10X_P7_4_TACGGATAGGCAATTA	-18.1730261481579	6.69930560483198
10X_P7_4_TACGGATCATGGAATA	-15.7482580511251	-14.324683583664
10X_P7_4_TACGGATGTATAAACG	24.9799668214616	2.29574712538395
10X_P7_4_TACGGGCAGTCTCGGC	-20.4071764585021	10.0799353141591
10X_P7_4_TACGGTAAGAGTAATC	-16.4173620455312	-12.6864462821392
10X_P7_4_TACGGTAAGCTACCTA	-13.3486965509359	-10.8136841044323
10X_P7_4_TACGGTACAAGTTCTG	8.35432264203109	-5.70942649044506
10X_P7_4_TACTCATTCAAGGTAA	12.8954206685646	-1.0140200657511
10X_P7_4_TACTCGCGTCTTGCGG	22.6677982002675	4.15966417984107
10X_P7_4_TACTTACTCTCCAACC	3.79559966784426	23.7430739914268
10X_P7_4_TAGCCGGGTCGAACAG	12.4402920067238	-7.14372967865782
10X_P7_4_TAGCCGGGTTCGTGAT	1.57131216012217	-25.4355940128494
10X_P7_4_TAGGCATGTCTCCATC	24.7760060627418	5.62797920095431
10X_P7_4_TAGGCATTCAAACCAC	-14.8100084520566	4.87504634405157
10X_P7_4_TAGTTGGAGTGTTGAA	2.58950944324453	22.087380056494
10X_P7_4_TAGTTGGGTAGTACCT	-7.45404611675476	4.68492704474011
10X_P7_4_TAGTTGGTCACGAAGG	-20.5610629075036	6.31659983145925
10X_P7_4_TATCTCAAGCTACCTA	-18.0391291600394	-16.0866422440169
10X_P7_4_TATCTCACAAGGACAC	-11.2145376308489	3.28921626857383
10X_P7_4_TATCTCACAATCACAC	-1.56497387330894	12.641351060524
10X_P7_4_TATTACCCACCGAAAG	-1.56429740934439	12.934149100328
10X_P7_4_TATTACCTCGTAGGTT	9.07435911914991	-8.5429510904083
10X_P7_4_TCAACGAAGACGCTTT	17.5512875872735	-0.119598216969914
10X_P7_4_TCAACGATCTTTAGGG	-19.493698704525	7.4911521554509
10X_P7_4_TCACAAGAGTAGCGGT	-1.36897239928384	12.9100000962821
10X_P7_4_TCAGCTCAGTCGCCGT	-19.9550574686793	7.72775766510133
10X_P7_4_TCAGCTCAGTGCTGCC	8.05567759745681	-30.1902188605842
10X_P7_4_TCAGCTCGTGGACGAT	-0.29585429470853	20.1433165350694
10X_P7_4_TCAGCTCGTTGATTGC	23.9213090464045	6.44815027760343
10X_P7_4_TCAGGATAGACAGGCT	3.94927585621384	5.69823270120181
10X_P7_4_TCAGGATCACTGTGTA	-21.2454318734013	7.01392596332518
10X_P7_4_TCAGGATGTCTAGTCA	-27.5802662806815	7.54065440564504
10X_P7_4_TCAGGTACATAACCTG	-28.7371144300407	7.82116008780289
10X_P7_4_TCATTACCACATCTTT	12.4929231710389	-2.4438268822955
10X_P7_4_TCATTACTCACCGTAA	25.9734496969738	6.2148448935192
10X_P7_4_TCATTTGTCCACTCCA	2.71483755902951	5.31354186352774
10X_P7_4_TCCACACCACTCGACG	3.13437575145787	24.3914884690572
10X_P7_4_TCCCGATTCCATGAAC	-1.00882943070215	-7.71382969969765
10X_P7_4_TCCCGATTCCGTAGGC	-25.9126745648505	7.00149105700437
10X_P7_4_TCGAGGCGTATGCTTG	18.5977791816464	2.33042494581628
10X_P7_4_TCGAGGCTCTGAGTGT	16.4752535092329	2.16283686041481
10X_P7_4_TCGCGAGGTTGGGACA	-15.9984588847977	7.19012220857633
10X_P7_4_TCGGGACAGTCAAGGC	4.7795424286013	-27.2463034203991
10X_P7_4_TCGGGACCAGGTGCCT	4.08166331461955	22.5613348348662
10X_P7_4_TCGGGACCATCACCCT	5.7407377762855	-28.0442014147961
10X_P7_4_TCGGGACGTTCGGGCT	-15.2695339688443	5.26621731489059
10X_P7_4_TCGGTAACATTGGCGC	10.2083116575879	-5.4790279559191
10X_P7_4_TCGTACCAGTTACGGG	17.5018676182667	-1.49164675594068
10X_P7_4_TCGTACCTCAACGCTA	11.5113737561391	0.973359437614848
10X_P7_4_TCGTACCTCTGTACGA	-1.66007822868641	13.0225980779619
10X_P7_4_TCGTAGATCGCATGGC	-11.2037205105479	-11.331245544404
10X_P7_4_TCTATTGCACTGAAGG	12.6782035392516	-1.11598979736603
10X_P7_4_TCTCATAGTGTAACGG	7.69155772945035	-29.7058132127295
10X_P7_4_TCTGAGACAGCTGTGC	7.1009229663324	-29.0613278793386
10X_P7_4_TCTGGAATCGAGCCCA	-14.9815507368496	5.80272260387587
10X_P7_4_TCTTCGGGTAGGACAC	5.22209878109095	-27.845395834899
10X_P7_4_TCTTTCCGTCGCGTGT	-15.1391904293646	-12.761379891231
10X_P7_4_TGACAACAGATATGGT	2.07993402246064	23.3132978797555
10X_P7_4_TGACGGCAGAGAGCTC	-15.5383986661805	-13.9609779428723
10X_P7_4_TGACGGCGTAAGTAGT	16.872288136985	4.03099997999879
10X_P7_4_TGACTTTCATTCTCAT	-15.8237751445922	7.52259938505384
10X_P7_4_TGACTTTTCAAACCGT	-21.04635102657	8.64948538621605
10X_P7_4_TGACTTTTCGTAGATC	11.1906772580621	-8.73796279276907
10X_P7_4_TGAGCATCATGCTGGC	-16.780785598117	-13.7940562731804
10X_P7_4_TGAGCCGGTCGGCATC	7.90834769627429	-6.16608245529773
10X_P7_4_TGAGGGAAGCGTGAAC	-12.4044310257725	7.92655094925138
10X_P7_4_TGAGGGACATACCATG	3.07102661051504	23.8056907059156
10X_P7_4_TGCACCTCAAGTTCTG	5.65942445613647	-28.0883181398373
10X_P7_4_TGCACCTCAGCCTGTG	-1.11955541630468	-7.64142707032979
10X_P7_4_TGCACCTTCCAAGTAC	-25.2770884642983	6.95127099016105
10X_P7_4_TGCCAAAGTGTGCCTG	8.21648910094342	-29.0997491665556
10X_P7_4_TGCCCATTCGGTCTAA	3.85386558533697	5.70000906143066
10X_P7_4_TGCCCATTCTGCTTGC	-12.4939579848388	-12.5983154478632
10X_P7_4_TGCCCTACATGGAATA	8.97315203744028	-0.300598942095085
10X_P7_4_TGCGCAGCACTTCGAA	-20.981446050157	6.80088280233524
10X_P7_4_TGCGGGTCAGATGGGT	9.76032646515254	-4.94038956167061
10X_P7_4_TGCGGGTCATCGACGC	1.23352663148325	5.03822802187927
10X_P7_4_TGCGGGTGTATGGTTC	7.8923839035874	-6.30063926872418
10X_P7_4_TGCGTGGGTAGCTGCC	-17.4649390675995	-14.1757770950294
10X_P7_4_TGCGTGGTCCAGGGCT	18.803255245013	-0.30744557437798
10X_P7_4_TGCTACCCAAGAAGAG	3.16716872411522	5.84311740422454
10X_P7_4_TGCTACCTCACAAACC	1.13037950231236	22.1393425085265
10X_P7_4_TGCTACCTCCCTTGCA	6.74387675361812	-28.5044691498928
10X_P7_4_TGCTGCTCATCGACGC	3.08525348208892	23.2909083260226
10X_P7_4_TGCTGCTGTAACGTTC	1.22808189691854	-7.19453028178555
10X_P7_4_TGCTGCTTCACAGGCC	2.28773096719651	5.91915688464879
10X_P7_4_TGGACGCCACGGACAA	8.73875363892599	0.229256966454348
10X_P7_4_TGGACGCCACTTACGA	19.6738782550483	1.1988626034405
10X_P7_4_TGGACGCCAGCCAGAA	2.05803303999895	4.94808747013416
10X_P7_4_TGGACGCGTTACGACT	-10.0395280802843	4.43950913729245
10X_P7_4_TGGACGCTCTGGCGTG	-8.06540006703881	6.40890258222385
10X_P7_4_TGGCGCAGTAAGTAGT	-23.6914544121553	3.68419289492493
10X_P7_4_TGGCTGGTCGAATGCT	7.05513598324388	-5.2589214989665
10X_P7_4_TGGGAAGAGGCGCTCT	-13.2341075585882	9.18018830214524
10X_P7_4_TGGGAAGGTACAAGTA	0.0317135753608128	20.7799136506508
10X_P7_4_TGGGCGTCATAGGATA	-23.8655125738436	7.11647952325534
10X_P7_4_TGGTTAGCAAGAAGAG	4.5020362520526	22.8544400731149
10X_P7_4_TGGTTAGCATGTCGAT	-13.1059142244467	-12.7577487224351
10X_P7_4_TGTATTCAGCAGCCTC	20.1245996522944	0.671822439748414
10X_P7_4_TGTATTCAGCGAAGGG	8.16808826609683	-7.39092506896928
10X_P7_4_TGTCCCACAGCTGTTA	7.7685238488429	-29.5195005439595
10X_P7_4_TGTCCCAGTCGCGTGT	-13.2268588358076	6.94769557357187
10X_P7_4_TGTGGTAGTTCCAACA	-6.0902378806904	4.34656492100871
10X_P7_4_TGTGTTTCATTACGAC	0.161870618907953	20.312770023208
10X_P7_4_TTAGGCACAGAAGCAC	-15.8054658806855	-12.4462183528857
10X_P7_4_TTAGGCAGTACTCGCG	-19.5645128291909	8.38306879946754
10X_P7_4_TTAGTTCAGCTAACAA	11.3361962806326	-5.82098471556386
10X_P7_4_TTAGTTCCATCCGGGT	20.3821612016314	1.42456702782679
10X_P7_4_TTAGTTCGTCTTCTCG	-10.8812710271017	5.0196732902448
10X_P7_4_TTAGTTCTCTCTGCTG	-14.5515540457917	7.50328295871688
10X_P7_4_TTATGCTTCCCAAGTA	-25.5800877533569	6.52288935266207
10X_P7_4_TTATGCTTCCTTAATC	-17.5603925754922	-13.7153153531187
10X_P7_4_TTCCCAGCATAAGACA	-13.0620890318307	-12.3681997661702
10X_P7_4_TTCCCAGGTTGTTTGG	-14.7957732170533	8.98740673968974
10X_P7_4_TTCGGTCAGACAATAC	25.1853931663064	7.02940917888893
10X_P7_4_TTCGGTCCAATCCGAT	23.1636802175412	3.57336412246462
10X_P7_4_TTCGGTCCACTGTTAG	19.6382730213274	4.1842195118166
10X_P7_4_TTCGGTCTCAGCTCTC	1.38677825757818	-25.3091901018838
10X_P7_4_TTCTACAAGAGCAATT	-18.1884855048652	5.43862735942975
10X_P7_4_TTCTCCTTCACCGTAA	3.80335742290298	23.7703463845856
10X_P7_4_TTCTTAGGTTTGGGCC	-0.115112070122334	-7.30712266112691
10X_P7_4_TTCTTAGTCATGGTCA	-5.99540569001786	4.26454777517844
10X_P7_4_TTGCCGTAGCTATGCT	0.899087088740307	-7.28581867102786
10X_P7_4_TTGCCGTGTTGCGCAC	3.73841126388845	22.1891556411947
10X_P7_4_TTGCCGTGTTGTTTGG	2.61651479066795	23.6257856617583
10X_P7_4_TTGCGTCAGCAGATCG	1.80590851624004	18.9434739429118
10X_P7_4_TTGGAACAGTTGCAGG	11.1185086634536	-8.24499306975355
10X_P7_4_TTGGCAAAGTGGTAAT	1.7872438180778	4.802261974662
10X_P7_4_TTGTAGGAGGTGGGTT	20.0566901696638	1.75760518426421
10X_P7_4_TTTACTGCAGACGCTC	12.954325921971	-1.74550824082559
10X_P7_4_TTTATGCTCGATAGAA	21.7828686130495	3.91082576002301
10X_P7_4_TTTCCTCGTATCACCA	3.51356362202417	22.4825091755846
10X_P7_4_TTTCCTCTCCAGGGCT	-24.7317388019601	6.89934215418039
10X_P7_4_TTTGCGCAGGACAGCT	-10.4451759718332	4.50391388328171
10X_P7_4_TTTGGTTCAGACTCGC	3.20442041521735	-26.4359973276685
10X_P7_4_TTTGTCAAGTGGAGAA	6.07570898439051	-28.2683323104204
10X_P7_4_TTTGTCACAAGCCATT	-14.0410300873305	-12.6251040481863
10X_P7_4_TTTGTCAGTCGATTGT	-20.3118545568798	8.92243779030206
10X_P7_4_TTTGTCAGTGCGCTTG	-0.0614731913124413	-7.75481342041079
