Barcode	UMAP_1	UMAP_2
10X_P7_4_AAACCTGCACGACGAA	10.4161316568052	9.14837315233045
10X_P7_4_AAACCTGGTTCCACGG	-11.3960908239687	3.00376894624524
10X_P7_4_AAACCTGTCTCGATGA	11.3044344598447	7.93189194352918
10X_P7_4_AAACGGGAGCGCTCCA	0.999320667425305	1.99964907319837
10X_P7_4_AAAGCAAAGTGAATTG	-10.7939675634707	1.27943351419263
10X_P7_4_AAAGCAACACCGAAAG	11.8410889321958	-17.932146523878
10X_P7_4_AAAGTAGTCCCAAGAT	-11.8897822683657	-9.47429606764025
10X_P7_4_AAATGCCAGTCCATAC	-12.2915070837344	4.02063467653089
10X_P7_4_AAATGCCCAGTAAGAT	2.48593489472023	-12.9441456541271
10X_P7_4_AACCATGCACTGTCGG	12.5995556527769	-17.3269963010997
10X_P7_4_AACCATGTCTCAACTT	-11.7670453375185	-9.52780482618518
10X_P7_4_AACGTTGTCCTCATTA	3.63569275681129	10.2529073015004
10X_P7_4_AACTCAGTCACTTCAT	1.66365663353553	-12.04806182234
10X_P7_4_AACTCTTGTCTTGCGG	9.47137610260597	9.341682936266
10X_P7_4_AACTCTTGTTCAACCA	4.47783963028541	10.3496175065785
10X_P7_4_AACTTTCCACGAAGCA	-3.34982569869408	0.588860298708013
10X_P7_4_AAGACCTAGTCCCACG	-11.42973168548	-2.18962178079791
10X_P7_4_AAGACCTCAGGGTTAG	-10.3250163381899	-0.116848085805842
10X_P7_4_AAGACCTCAGGTTTCA	14.6019770318662	0.2372135177403
10X_P7_4_AAGACCTTCTCAAACG	8.97279898468605	9.41664841325574
10X_P7_4_AAGACCTTCTTCTGGC	4.43065230194679	10.2274317994862
10X_P7_4_AAGGAGCAGCCAGAAC	-2.56717749293694	0.709739114358953
10X_P7_4_AAGGCAGAGCGTTGCC	4.24856869522682	10.5322852388173
10X_P7_4_AAGGCAGAGCTCAACT	-0.979989606698841	0.940596605852178
10X_P7_4_AAGGCAGGTCACCTAA	-11.5989812200869	1.57586410196119
10X_P7_4_AAGGTTCCAGCTATTG	11.0693775827085	10.1814236894398
10X_P7_4_AAGGTTCGTATAGTAG	-0.514177936872333	-11.4071764692516
10X_P7_4_AAGTCTGGTAAGAGGA	11.6681410485899	-16.9795784696788
10X_P7_4_AATCCAGCATGATCCA	8.98830382172218	9.60368206651502
10X_P7_4_AATCCAGTCAGTTAGC	1.45423213783851	-12.2384791120738
10X_P7_4_AATCCAGTCTTGTCAT	11.9984051400816	-17.2481503233165
10X_P7_4_AATCGGTAGACAGGCT	12.3442570382749	-17.4211201414318
10X_P7_4_ACACCAAAGAAGCCCA	-12.0923913305605	4.01206352861219
10X_P7_4_ACACCAACATCTCGCT	-10.332542735895	-0.100942228719661
10X_P7_4_ACACCCTCAGTCGATT	-10.3497956579531	-0.462593410894343
10X_P7_4_ACACCCTTCGAGCCCA	-10.1627991979922	-0.200378809854457
10X_P7_4_ACACCGGTCTAACTGG	11.0926949197446	8.49443867357068
10X_P7_4_ACACTGACATGCCACG	-11.7473967855776	-0.164540325090358
10X_P7_4_ACACTGATCAACACGT	-10.8832152670229	-2.70323190538592
10X_P7_4_ACAGCCGGTAGCGTAG	0.937625568548351	1.90812208802991
10X_P7_4_ACATACGTCACTGGGC	-3.70159824546227	0.565247680261663
10X_P7_4_ACATCAGAGAGCCCAA	-11.2522357290591	0.195531155183843
10X_P7_4_ACATCAGAGTTTAGGA	2.37736813370338	-12.6857275709362
10X_P7_4_ACATCAGCAGATCCAT	-10.8929398840273	-0.764252860829303
10X_P7_4_ACATCAGTCTCTTGAT	12.4608856851255	8.06435539872938
10X_P7_4_ACATGGTAGAGTTGGC	-12.5537684744204	-8.39900252668566
10X_P7_4_ACATGGTAGCTAAGAT	9.998774212042	8.07004883439832
10X_P7_4_ACATGGTGTAAGTTCC	1.40077654663673	-12.0496678098888
10X_P7_4_ACATGGTTCCACGTGG	10.9480787927305	8.91855003984266
10X_P7_4_ACCCACTAGATATACG	9.81516329590431	8.64787724168592
10X_P7_4_ACCGTAAAGGATGGTC	10.6814324075376	8.93946221025281
10X_P7_4_ACCGTAACAACTTGAC	-10.9142850225771	-1.13739817290015
10X_P7_4_ACGAGCCAGCGCTCCA	1.4528335744535	-12.0308260664196
10X_P7_4_ACGAGCCAGCTCTCGG	2.90299288574806	-12.0869879469127
10X_P7_4_ACGAGGATCTCTTGAT	12.2477480584776	-17.2889199003429
10X_P7_4_ACGATACAGCCGTCGT	10.2285839730894	8.1514916673451
10X_P7_4_ACGATACCACAGCGTC	4.55104414764991	10.3546395555287
10X_P7_4_ACGATGTAGACAAGCC	-12.4568837469424	-8.51266620008654
10X_P7_4_ACGATGTCAAACAACA	12.2118937188779	7.42285301835828
10X_P7_4_ACGATGTCATACGCTA	-11.638170558771	0.330377961710027
10X_P7_4_ACGATGTTCTACGAGT	-11.1000655477847	2.20768191964917
10X_P7_4_ACGCAGCAGTTACGGG	-12.3673699682558	-8.49869344083972
10X_P7_4_ACGCCGAAGCCCAACC	-11.3544886892641	-2.92799947111315
10X_P7_4_ACGCCGATCAGTCAGT	-11.7261079138125	-9.42747924177355
10X_P7_4_ACGGAGAAGCGATATA	12.100448291937	-16.8448719724864
10X_P7_4_ACGGAGAGTCACACGC	-11.8211711233462	3.80135347993665
10X_P7_4_ACGGCCACAACTGCTA	-11.5599101370181	1.83197238595777
10X_P7_4_ACGGGCTAGTAGATGT	9.2482277566587	10.1454310670643
10X_P7_4_ACGGGCTGTTTGTTTC	12.5125748330747	8.98563244493299
10X_P7_4_ACGGGTCCAGGCTCAC	0.923823278585583	2.17356231363111
10X_P7_4_ACGGGTCGTTGTACAC	-11.9187520330752	1.92403366716199
10X_P7_4_ACGTCAATCGCGCCAA	-12.7249615972842	2.81550839097791
10X_P7_4_ACTGAGTCACTGCCAG	-11.120197612604	0.12400939615064
10X_P7_4_ACTGAGTTCGACCAGC	-11.7980340307558	4.53940727861219
10X_P7_4_ACTGATGAGCTCTCGG	10.901717823187	8.20556023271375
10X_P7_4_ACTGATGTCGGTTAAC	-11.4100850408877	-0.469194744512507
10X_P7_4_ACTGCTCAGACCCACC	-11.9764588659609	3.24574282319837
10X_P7_4_ACTGCTCAGAGGGCTT	-3.90208919700035	0.258232857301763
10X_P7_4_ACTGCTCAGCCTTGAT	-11.4011147802676	-1.32050827591128
10X_P7_4_ACTGCTCAGCTAGTTC	-10.6650136297549	-2.72712502329058
10X_P7_4_ACTGCTCGTGCGGTAA	9.78796355072609	8.18896534593397
10X_P7_4_ACTTACTAGAAACCGC	10.2203747445737	9.12778046281629
10X_P7_4_ACTTGTTCATCCAACA	10.4957977945005	8.85808231981092
10X_P7_4_ACTTGTTCATGACATC	-12.1392539327944	0.883213545396855
10X_P7_4_AGAATAGAGCACGCCT	-10.3379634207095	-1.11084264217324
10X_P7_4_AGAATAGTCTCTGCTG	-11.5549138372744	4.53470137269788
10X_P7_4_AGACGTTTCTCGATGA	11.8982826882993	-17.9706463560314
10X_P7_4_AGAGCGAAGCACGCCT	9.74702231232277	8.75898697526746
10X_P7_4_AGAGCGAAGTGTGGCA	-12.5874236410464	2.53729155214124
10X_P7_4_AGAGCGACAACACCCG	-12.7939971273745	-8.05182168333239
10X_P7_4_AGAGCGATCAATCACG	-12.0657790487612	0.947501565530828
10X_P7_4_AGAGCGATCCGTAGTA	12.5430380517637	-16.9604067548961
10X_P7_4_AGAGCTTAGTACGTTC	9.52281538788429	9.2909598603993
10X_P7_4_AGAGTGGAGTCCGTAT	11.1127049142515	9.43415024431043
10X_P7_4_AGAGTGGCATGCCACG	-11.9339536016787	2.82443597467237
10X_P7_4_AGATCTGAGCGATCCC	-11.3803284948672	-0.929224540278384
10X_P7_4_AGATCTGGTCTCTTTA	-0.814873654207081	1.03083946855359
10X_P7_4_AGATCTGTCTGTACGA	2.26541129891029	-12.9739393934459
10X_P7_4_AGCATACGTTACGTCA	10.7863918954526	9.80497124345594
10X_P7_4_AGCGGTCAGTATCTCG	12.5985562020933	8.00827648790174
10X_P7_4_AGCGTCGGTGCAGGTA	-11.6888631170596	-2.85743329374499
10X_P7_4_AGCTCCTCACTAGTAC	-12.5826791113223	-8.26565549223132
10X_P7_4_AGCTCTCTCCCAAGTA	-12.1708920782412	1.16035797746473
10X_P7_4_AGCTTGAAGGGATGGG	2.82491604630104	-12.2091974958629
10X_P7_4_AGCTTGATCCACGTTC	4.37107054535499	10.1853490129262
10X_P7_4_AGGCCACAGCGCTCCA	2.37340823952308	-12.9163202985973
10X_P7_4_AGGCCACGTATCGCAT	9.77079550568214	8.29267075212293
10X_P7_4_AGGCCACTCGCTTAGA	-11.5244601553286	-2.28401264993853
10X_P7_4_AGGTCATGTATTCGTG	9.70403639618507	8.67088081987195
10X_P7_4_AGGTCATGTCAGTGGA	-12.0980685537661	2.08441808374219
10X_P7_4_AGGTCATGTTACGACT	10.4883400613462	9.25253918321424
10X_P7_4_AGGTCCGCACCACGTG	12.3605028802549	8.15671970994764
10X_P7_4_AGTCTTTCAGTGGGAT	14.7281328851377	0.11126878412061
10X_P7_4_AGTCTTTCATCATCCC	-11.9603408163393	-1.43750820009417
10X_P7_4_AGTCTTTGTATTACCG	-11.9232400244082	-2.1788580164165
10X_P7_4_AGTGAGGCACATTCGA	0.838807981649548	1.96979596765333
10X_P7_4_AGTGAGGGTAATCACC	-0.859356719812244	0.991678263261846
10X_P7_4_AGTGGGACAGCCTTGG	-11.2499612158144	-2.21866712419696
10X_P7_4_AGTGGGATCTCTAAGG	12.167342823187	-16.5096974119396
10X_P7_4_AGTGTCAAGCCACCTG	11.2148405725156	10.0443330064564
10X_P7_4_AGTGTCACACATGGGA	-10.0634911840762	-0.544376347944209
10X_P7_4_AGTTGGTCAGTTAACC	-11.1396659200991	1.86810209901624
10X_P7_4_AGTTGGTGTATCAGTC	-11.4408295935	3.91155626924329
10X_P7_4_AGTTGGTGTGACTACT	12.8019224816953	8.69745590837293
10X_P7_4_ATAAGAGAGGGCTCTC	12.5952021295225	-17.1447014555187
10X_P7_4_ATAAGAGAGTACGCGA	11.1354796106016	10.2168860688954
10X_P7_4_ATAAGAGGTGTGCCTG	11.0602137262022	9.36365463884168
10X_P7_4_ATAGACCTCTCACATT	9.58998648468605	9.70920326860242
10X_P7_4_ATCACGATCAACACCA	12.1584116632139	8.71851685197645
10X_P7_4_ATCCACCAGAAACCTA	0.750353496709973	1.96401240976148
10X_P7_4_ATCCACCGTCGACTAT	-11.6559470480288	-3.42760774938769
10X_P7_4_ATCCGAACAAGCCCAC	-12.0189812963808	-2.94031331388659
10X_P7_4_ATCCGAATCAAACCGT	-11.9063571279849	3.09920933397107
10X_P7_4_ATCGAGTAGGGTGTTG	2.0349332505857	-12.7180571302623
10X_P7_4_ATCGAGTGTCGAACAG	10.94797484223	10.0904498353749
10X_P7_4_ATCTACTAGGAATCGC	-11.4840529745425	-3.5142261728496
10X_P7_4_ATCTACTAGTGGACGT	-11.2270663565005	4.48053553254895
10X_P7_4_ATCTACTGTTGAGTTC	9.84184901062599	10.2852731004506
10X_P7_4_ATCTGCCAGGTGGGTT	-11.7819054907168	-3.03482291547961
10X_P7_4_ATGAGGGTCGGACAAG	-0.844908971151203	1.15188172014051
10X_P7_4_ATGAGGGTCTACTTAC	-11.7058318441714	3.44825461061292
10X_P7_4_ATGCGATAGATGCCAG	-10.8468507116641	-2.13769469110675
10X_P7_4_ATGCGATGTCGCATAT	-11.1664832418765	3.98625233323865
10X_P7_4_ATGTGTGTCGGCCGAT	-11.6168597524966	4.68621590287977
10X_P7_4_ATTATCCAGACTACAA	10.7314993554746	-16.904992555067
10X_P7_4_ATTATCCCACCGAATT	-3.90628178771386	0.411146904542974
10X_P7_4_ATTATCCGTCTTCGTC	8.84958426300636	9.09173634202772
10X_P7_4_ATTCTACCAAACAACA	-11.1584418600405	-3.16456339208789
10X_P7_4_ATTCTACCATATACCG	-12.7865851705874	3.71613171251111
10X_P7_4_ATTCTACTCTCCCTGA	12.3777386361753	-17.7273983701915
10X_P7_4_ATTGGACCATGCAATC	12.8549696618711	8.33459332139783
10X_P7_4_ATTGGTGAGAGTACCG	-11.8116715734805	-9.40638491956896
10X_P7_4_ATTGGTGTCTGAGGGA	11.4655968362485	-16.8428711637706
10X_P7_4_ATTTCTGCACCACCAG	-4.08739813025841	0.301060105875066
10X_P7_4_ATTTCTGTCCCGGATG	-11.1289447134341	-2.20402738897509
10X_P7_4_ATTTCTGTCTAGAGTC	-11.2626784628237	3.26514771135145
10X_P7_4_CAACCAACAAGAAGAG	11.8552977258359	-17.6822533354015
10X_P7_4_CAACCAACAGCTATTG	8.97357432190529	9.10519173295789
10X_P7_4_CAACCTCCATTAGGCT	12.2443834954893	8.1811547532826
10X_P7_4_CAACTAGCACATAACC	-0.678112406095356	-11.283018563673
10X_P7_4_CAACTAGGTTAGATGA	-1.95338271911988	0.584652568414739
10X_P7_4_CAACTAGTCCTGTACC	14.60435740296	0.234778787210515
10X_P7_4_CAAGAAAAGAGAGCTC	-11.1681159323061	1.2204180017262
10X_P7_4_CAAGAAAGTATGGTTC	-11.6606438940371	-0.655453656598994
10X_P7_4_CAAGATCTCACGCGGT	-11.6082652395571	4.40560343416028
10X_P7_4_CAAGTTGAGATCTGAA	14.8333899194395	0.00596072824292482
10X_P7_4_CAAGTTGCAATCTGCA	2.07642475906959	-11.8364796385021
10X_P7_4_CACAAACAGATGCCAG	3.72239462677589	10.337478186205
10X_P7_4_CACAAACTCGCGATCG	-11.2733777349795	-1.63278249351687
10X_P7_4_CACACAAAGCCCTAAT	2.65821139160743	-12.616514657423
10X_P7_4_CACACTCAGTGGACGT	-12.7646296804751	-8.00784871427722
10X_P7_4_CACAGGCGTACTCTCC	-11.4582980459536	-1.19722398070998
10X_P7_4_CACAGGCGTCGAATCT	-11.7917292898501	-3.18630907385058
10X_P7_4_CACATAGAGGGATACC	4.54332844559303	10.4271989122181
10X_P7_4_CACATAGCACACATGT	-11.6591552084292	-2.82546386568255
10X_P7_4_CACATAGGTCTCTTTA	-11.5261700933779	3.5365858331471
10X_P7_4_CACATAGTCCCAAGTA	12.501646679083	7.45629074724012
10X_P7_4_CACATTTTCTGTCAAG	10.6861359292661	8.08326389940076
10X_P7_4_CACTCCATCCGCAGTG	0.966186206976086	1.84076025636487
10X_P7_4_CACTCCATCGTGTAGT	12.914449375311	8.59929134996229
10X_P7_4_CAGAATCAGCTCCTCT	12.5409104043638	-17.7223438963146
10X_P7_4_CAGAATCCAATAACGA	-11.8059066122378	0.162392999246648
10X_P7_4_CAGAGAGCACCTTGTC	12.3628651315366	8.79571774156385
10X_P7_4_CAGATCAAGAAGGCCT	12.779927890936	8.89417984636121
10X_P7_4_CAGATCACAGCTGCAC	-11.8200410192812	-0.451225911066005
10X_P7_4_CAGATCAGTACGCACC	10.1966482812559	9.32300236375623
10X_P7_4_CAGCAGCAGACTAGAT	-10.8451760595644	1.79890635164075
10X_P7_4_CAGCAGCGTGAAAGAG	-3.03179295714745	0.168209935739568
10X_P7_4_CAGCAGCGTTGTTTGG	12.7708241159116	8.35160305650525
10X_P7_4_CAGCCGACACAGTCGC	-10.7892535513247	-1.94048914758868
10X_P7_4_CAGCGACCAAACGCGA	9.18420759979835	9.25165798814588
10X_P7_4_CAGCTAACAAGAGTCG	12.7623049432432	7.92067291887098
10X_P7_4_CAGGTGCTCACCACCT	2.85765568558326	-11.9696573957653
10X_P7_4_CAGGTGCTCTCCGGTT	11.5845209771787	9.90485527665906
10X_P7_4_CAGTAACAGTGGTAAT	2.59536186997047	-12.8219341978282
10X_P7_4_CAGTCCTAGGATTCGG	2.60144249741188	-12.4015869840831
10X_P7_4_CAGTCCTGTGAGCGAT	11.389664333502	9.40561249406629
10X_P7_4_CATATGGTCAGGTAAA	11.6000935250913	10.0473342195302
10X_P7_4_CATATGGTCGTTTATC	-12.528964359125	3.92839768083387
10X_P7_4_CATATTCAGACGCTTT	1.71573178116432	-12.3380427107067
10X_P7_4_CATCAGATCGGGAGTA	-11.9526274984682	-9.08974120466418
10X_P7_4_CATCCACCAATACGCT	-0.463279206117481	-11.1821560606212
10X_P7_4_CATCGAAAGGCTCTTA	-11.110956508478	1.4025800481587
10X_P7_4_CATCGAAAGTACGCGA	-12.3434480017031	3.52721312196546
10X_P7_4_CATCGAATCAACGGGA	-11.7344392126406	3.29532673509412
10X_P7_4_CATCGGGCAGCTGTAT	9.58812014404884	8.08624890001111
10X_P7_4_CATCGGGCATAAAGGT	10.3520800286924	8.85745861680799
10X_P7_4_CATCGGGGTCGCTTTC	-12.2690738027895	0.962493444994023
10X_P7_4_CATCGGGGTTGTACAC	11.5332762414609	8.28749230058484
10X_P7_4_CATGACATCCACGTGG	-10.1423838919009	-0.51052555887408
10X_P7_4_CATGCCTCATTGGCGC	12.8998409921323	8.28900292070203
10X_P7_4_CATGGCGCACCCATGG	8.76088873688331	8.9978051439076
10X_P7_4_CATGGCGGTGCAGGTA	-2.78566249068627	0.13024809510999
10X_P7_4_CATTCGCCATTTCACT	-11.4135917013491	1.71247842462354
10X_P7_4_CCAATCCCACTACAGT	-0.851950365861744	-11.3434262022228
10X_P7_4_CCACCTAAGGCCCGTT	12.4678856546079	8.54044773729139
10X_P7_4_CCACCTAGTCACTGGC	11.0378472024595	-16.927625153944
10X_P7_4_CCACCTATCAGCATGT	14.8275076562559	0.0118015065937549
10X_P7_4_CCACGGAAGGCCCGTT	-0.782140929063648	1.15757157953077
10X_P7_4_CCAGCGACACGAAAGC	12.0164887124693	-16.8110756620616
10X_P7_4_CCATGTCCACTTGGAT	12.8590370828306	8.36201241166883
10X_P7_4_CCATGTCTCCCATTAT	-2.98295326884636	0.05704047830396
10X_P7_4_CCCAATCCAGGTGGAT	-2.25746555980095	0.423358942583135
10X_P7_4_CCCAATCTCATCTGCC	-11.4772294348086	1.37464358957105
10X_P7_4_CCCAGTTCATCGTCGG	-3.18354578669915	0.751969720438054
10X_P7_4_CCCATACGTAGCTAAA	9.79290739838234	8.84716847093397
10X_P7_4_CCCTCCTTCAAACAAG	-1.17777245100388	0.849607850626042
10X_P7_4_CCCTCCTTCATTGCGA	-10.3039506262148	-0.210256193563411
10X_P7_4_CCGGGATGTTGGTTTG	-10.7915767019595	-1.92240813820071
10X_P7_4_CCGTACTCATCGGGTC	11.3837038690244	8.37001183183484
10X_P7_4_CCGTGGAAGTAACCCT	8.49641672913185	8.97670414598279
10X_P7_4_CCGTGGATCTATCCTA	12.3410450631773	-17.6184983000011
10X_P7_4_CCGTTCAGTAGGCTGA	-12.2935956304873	3.18955567033582
10X_P7_4_CCTAAAGGTTCGTCTC	9.86627451721779	9.70698216111951
10X_P7_4_CCTACACCAACTGCTA	12.3692928964292	8.6715226426869
10X_P7_4_CCTACCAGTAGGGTAC	-0.858095366319507	1.04772522599988
10X_P7_4_CCTACCATCGCTTGTC	8.72693411652198	9.11370327623182
10X_P7_4_CCTAGCTGTGCATCTA	12.6474501306211	8.82359268815809
10X_P7_4_CCTATTAGTCGCATAT	-0.59220703299889	1.25476219804578
10X_P7_4_CCTCAGTCAGCAGTTT	11.2446400338804	8.84067299516492
10X_P7_4_CCTCAGTGTGCAGTAG	-12.1215346639956	-8.85634991972155
10X_P7_4_CCTCTGAAGAAGATTC	10.3595062905943	8.1482367769032
10X_P7_4_CCTTACGGTTCATGGT	3.80681149307838	10.4058690324574
10X_P7_4_CCTTACGTCGCCAGCA	-12.2529996221865	2.04702999742322
10X_P7_4_CCTTCGAAGTCTTGCA	-11.8419850653017	0.869932915285161
10X_P7_4_CCTTCGAGTCACACGC	-12.5072549169863	2.38980128915601
10X_P7_4_CCTTTCTTCGTAGATC	-10.8846753424014	-0.747007076427409
10X_P7_4_CGAATGTAGAGCTGCA	2.37821738068214	-12.4225392088146
10X_P7_4_CGACCTTGTCTTCAAG	-12.1019748037661	-8.85461041776843
10X_P7_4_CGACTTCGTAGTACCT	-11.0307648962344	-2.60360953657336
10X_P7_4_CGACTTCTCTGATACG	2.65831867996803	-12.6332888349742
10X_P7_4_CGAGAAGAGCAGCGTA	10.6144568139707	-16.9938244566173
10X_P7_4_CGAGAAGAGCGATAGC	-11.9825347250307	1.10702421815687
10X_P7_4_CGAGAAGGTTGCGTTA	-1.1818339413012	0.856840635850957
10X_P7_4_CGAGAAGTCTAGCACA	9.23235289398781	10.1989951387196
10X_P7_4_CGATGGCGTACTTCTT	12.0905033761655	-18.1974453672618
10X_P7_4_CGATGGCTCTCGTATT	-12.7158139532412	-8.10784480421252
10X_P7_4_CGATGTATCCCTTGTG	2.71311060730568	-11.9208206876964
10X_P7_4_CGATGTATCGAGAACG	11.0446955377256	9.25767853410535
10X_P7_4_CGCCAAGTCCTAGAAC	-12.3175996130312	1.18217375428968
10X_P7_4_CGCGGTACAAGTACCT	-10.9939826315249	-2.98312351553149
10X_P7_4_CGCGGTACAGACGCCT	11.4321772271787	-17.2075695738048
10X_P7_4_CGCGGTACAGCCTTGG	2.45721117798439	-12.7313599333019
10X_P7_4_CGCGTTTGTTCCACAA	-3.9753399675692	0.485811258867314
10X_P7_4_CGCGTTTGTTCGTTGA	-12.6536296194399	-8.10533234922595
10X_P7_4_CGCTATCCACTGCCAG	9.8642641717588	8.1842704072743
10X_P7_4_CGCTATCCATCTATGG	12.3149916345274	8.79680969865613
10X_P7_4_CGCTGGATCTGCGACG	-11.0386842077578	1.60362103135877
10X_P7_4_CGCTTCAAGATCCCAT	-10.8057883566225	-0.0308480009288281
10X_P7_4_CGCTTCAGTAAGCACG	12.3438603097593	-16.813307259962
10X_P7_4_CGCTTCATCCGAATGT	4.48533360306373	10.5863671556263
10X_P7_4_CGGACACAGGCTACGA	1.95663873497596	-11.8408837064952
10X_P7_4_CGGACACAGTAGGCCA	11.5810610467588	8.90255596788221
10X_P7_4_CGGACGTAGCTTTGGT	-11.6146491354311	3.41479876191907
10X_P7_4_CGGACGTAGGCTAGCA	12.4005581552183	9.36115315110975
10X_P7_4_CGGACTGAGCAGCCTC	-10.9852622335757	3.9156780496388
10X_P7_4_CGGACTGCACTGTCGG	-13.0582345312441	3.30990889222913
10X_P7_4_CGGACTGGTCCGTCAG	-11.6617167776431	2.27054407747083
10X_P7_4_CGGACTGGTGGTACAG	-11.7760394399966	0.5751121297627
10X_P7_4_CGGAGCTCACGACGAA	-10.9443925207461	-1.22017908541865
10X_P7_4_CGGAGCTGTTAAGGGC	-11.1524556463564	-2.04479620306201
10X_P7_4_CGGAGCTTCCTGCAGG	9.88148657623878	9.1037040010243
10X_P7_4_CGGAGTCCACGAGGTA	-11.3583739584292	-0.679134075328776
10X_P7_4_CGGAGTCCAGACACTT	10.1032005960142	10.2809586778431
10X_P7_4_CGGAGTCTCAGCAACT	10.6076180154478	-16.9655976042003
10X_P7_4_CGGCTAGGTCAGTGGA	-11.031966525873	-1.45407426802821
10X_P7_4_CGGGTCATCAGGATCT	-10.4524710958804	-0.116631899759242
10X_P7_4_CGGGTCATCCCAGGTG	14.6337401086484	0.205568458154729
10X_P7_4_CGGGTCATCTGCGTAA	10.0329767877256	9.33163597734266
10X_P7_4_CGGTTAATCCGCAGTG	-12.753010112604	3.00053312928968
10X_P7_4_CGGTTAATCTGTCCGT	1.82171718422523	-11.7522673353404
10X_P7_4_CGTAGCGCACCACGTG	-3.84661372359642	0.568852807596257
10X_P7_4_CGTAGCGCATGGGAAC	-12.0771916693057	3.88160135896497
10X_P7_4_CGTAGGCCATTCGACA	-11.9341367071474	-2.45147476045794
10X_P7_4_CGTCACTGTAACGCGA	10.888350170294	9.25442555101209
10X_P7_4_CGTCAGGTCGGCTTGG	-11.228990871271	4.06184008271985
10X_P7_4_CGTCCATAGACAATAC	8.62783495728126	9.36371853502088
10X_P7_4_CGTCCATAGGAGCGAG	12.2705914193784	-16.6582588896007
10X_P7_4_CGTCCATCAGCTCGAC	0.688775938192516	1.87582757623487
10X_P7_4_CGTCTACCAAATCCGT	-10.7544892614687	0.206042672708562
10X_P7_4_CGTGAGCAGGGCATGT	10.6456953698789	8.75710442216688
10X_P7_4_CGTGAGCAGTACACCT	2.80796543900123	-12.4520191892833
10X_P7_4_CGTGTCTAGCGATAGC	3.89965645615211	10.2937588945179
10X_P7_4_CGTGTCTAGTGGACGT	12.2895571405088	-16.7029928907604
10X_P7_4_CGTGTCTCACTCTGTC	12.3702332193052	9.35273602159315
10X_P7_4_CGTTCTGTCGTGGGAA	10.7841059381162	-16.9532894834728
10X_P7_4_CTAAGACGTACATCCA	8.42110506836525	9.09585907609754
10X_P7_4_CTAAGACGTGACAAAT	11.3408753091489	9.52012970598035
10X_P7_4_CTAAGACGTTGACGTT	14.6812636071836	0.158059383943608
10X_P7_4_CTAAGACTCGTGGACC	-12.3624661749209	-8.00812003462023
10X_P7_4_CTAATGGGTACAGTGG	12.1417576486265	8.49145081193738
10X_P7_4_CTACACCAGAAACGCC	11.8406569177305	-16.8811287626476
10X_P7_4_CTACACCGTCCAGTTA	-10.9294246023501	-1.59140101520724
10X_P7_4_CTACATTAGTATTGGA	-3.86212762053856	0.460641290262273
10X_P7_4_CTACCCACACGAAACG	-12.3317673986758	1.58692195565992
10X_P7_4_CTACGTCGTCTCACCT	-12.5160010641421	1.40241863878064
10X_P7_4_CTAGCCTGTTCGCGAC	9.63016859833351	7.98340370805555
10X_P7_4_CTAGTGAAGCAAATCA	11.9381186181699	-17.0174431547374
10X_P7_4_CTAGTGACAATGGTCT	-10.6883557623232	-2.69575772134967
10X_P7_4_CTAGTGATCGTGACAT	-11.975612003168	0.0802295461445361
10X_P7_4_CTAGTGATCTCCCTGA	8.57963625733009	8.83879044206434
10X_P7_4_CTCAGAACACCCTATC	9.64088980499855	8.85161640794568
10X_P7_4_CTCAGAATCGCAGGCT	-11.1877816503848	-2.75958666650958
10X_P7_4_CTCATTACACGAAATA	12.5668846780454	9.08239891679578
10X_P7_4_CTCGAGGGTCGCATCG	-10.1671031301821	-0.61776408998675
10X_P7_4_CTCGGAGGTCAACTGT	12.6552120858823	7.74089100511365
10X_P7_4_CTCGGAGTCATCACCC	8.63579813782325	9.49440910966688
10X_P7_4_CTCGGAGTCCTCTAGC	-1.37118432279477	0.730873133256963
10X_P7_4_CTCGTCACATTATCTC	11.8875567132627	-16.6708025678844
10X_P7_4_CTCGTCAGTATGAATG	-2.6630658691729	0.266592408731511
10X_P7_4_CTCGTCAGTGGTCTCG	-11.3364804571474	4.04627564103895
10X_P7_4_CTCTAATAGGGTCGAT	1.72522560898414	-12.2092709287853
10X_P7_4_CTCTACGAGTGGAGAA	9.25546900574318	10.1594586625844
10X_P7_4_CTCTACGCAAAGCAAT	-12.1699374502505	2.27832653672986
10X_P7_4_CTCTGGTAGGAGCGTT	4.45669714752784	10.180833365038
10X_P7_4_CTCTGGTGTTCCCGAG	9.61801401917091	8.0899625077992
10X_P7_4_CTCTGGTGTTTGGCGC	-11.2478888815249	-1.46958044616885
10X_P7_4_CTGAAACTCCGAATGT	-10.9753974264468	-0.422174964830348
10X_P7_4_CTGAAGTGTAGAGCTG	2.37677876297584	-12.9447407469005
10X_P7_4_CTGATAGGTGAAGGCT	-12.5414851492251	3.21294357927137
10X_P7_4_CTGATAGGTTAAAGAC	12.6800781900083	-17.3383869871349
10X_P7_4_CTGATCCCAAGCCCAC	8.64087359253517	9.23025467546277
10X_P7_4_CTGCCTAAGGGTGTTG	-11.5993588751162	-1.91887656299777
10X_P7_4_CTGCGGATCGGAGCAA	-11.3725150411929	-3.45272610037036
10X_P7_4_CTGCTGTTCCTCGCAT	-10.8224671667422	-1.409537766859
10X_P7_4_CTGTTTAGTTAAAGTG	9.11912981812111	9.44639732988172
10X_P7_4_CTGTTTATCGTCCGTT	10.6211039239561	-17.0131687864513
10X_P7_4_CTTACCGAGTCCATAC	11.162761371771	9.336724783495
10X_P7_4_CTTACCGGTCCATCCT	-11.8468240087832	1.88511779458814
10X_P7_4_CTTACCGTCTTGCAAG	14.587282817999	0.252012039735845
10X_P7_4_CTTCTCTCACCGCTAG	-12.1627105062807	3.74649241121106
10X_P7_4_CTTCTCTTCATTCACT	11.9541184121763	-16.6326355680675
10X_P7_4_CTTGGCTAGACTTTCG	-2.86793013270745	0.341484810426763
10X_P7_4_GAACGGACAGTCAGCC	4.5757333451902	10.1535268083363
10X_P7_4_GAACGGAGTGCGAAAC	12.3165594751035	-16.575212930128
10X_P7_4_GAACGGATCCTTCAAT	-11.6105016058291	0.00569787175946534
10X_P7_4_GAAGCAGTCACTATTC	10.5400330239927	9.45879223497205
10X_P7_4_GAAGCAGTCGAATCCA	9.2716824227964	9.69731094987684
10X_P7_4_GAATAAGTCCCATTAT	-11.7680571859682	0.703596140459111
10X_P7_4_GAATGAATCGAATGCT	0.758096855322033	2.14031269700818
10X_P7_4_GACACGCAGGGTTCCC	-11.3556254690493	-3.03619644491381
10X_P7_4_GACACGCCAGCCTTGG	-12.860058147272	3.25814392717176
10X_P7_4_GACACGCCATTTCAGG	12.0117003137266	-16.9815792783946
10X_P7_4_GACAGAGAGATCGATA	12.1174484903013	-16.8751148924083
10X_P7_4_GACAGAGGTATTCGTG	-3.07741172965416	0.626549507692388
10X_P7_4_GACAGAGGTGCACGAA	9.5124689752256	9.93173363359266
10X_P7_4_GACCTGGTCATAACCG	-0.817870396932453	-11.427531693861
10X_P7_4_GACGTTAAGTGTACCT	10.0511004144346	9.41344597490125
10X_P7_4_GACGTTATCCACGAAT	-11.3599160497988	-2.93832526056475
10X_P7_4_GACTACACAAGCTGAG	10.2804295236265	9.51080658586316
10X_P7_4_GACTACAGTAGCGTGA	-12.7097953146304	3.81203558595472
10X_P7_4_GACTGCGGTGCAACTT	9.86999193970314	10.2265677705555
10X_P7_4_GAGCAGAAGATATGCA	12.6494366342222	8.95542576463514
10X_P7_4_GATCAGTAGTCTCCTC	-10.8005164450015	1.74542954118543
10X_P7_4_GATCAGTGTTTGCATG	11.8346735650693	-17.1420216306896
10X_P7_4_GATCGATCACATGGGA	1.66900793854347	-11.858364556715
10X_P7_4_GATCGCGAGGGCTCTC	12.3554722482359	-16.5155205473155
10X_P7_4_GATCGCGGTTGCGCAC	-12.4966739004458	3.24347021730237
10X_P7_4_GATCGTATCTCGGACG	11.9264618570005	9.38666012437635
10X_P7_4_GATCTAGGTCTAGAGG	-0.641078669389576	1.19267442376905
10X_P7_4_GATCTAGTCTTTACAC	-12.7534373586977	-8.10918614713854
10X_P7_4_GATGAAAAGAAGATTC	-12.4425414388979	1.3949625745564
10X_P7_4_GATGAAAAGACGACGT	14.7681490594541	0.0712706104069263
10X_P7_4_GATTCAGCACAGCGTC	-12.1536944692934	3.45689251573377
10X_P7_4_GATTCAGGTAATCGTC	-11.7275870626772	-9.49052188245959
10X_P7_4_GCAAACTAGCCCTAAT	-12.3249219244326	3.11911871583753
10X_P7_4_GCAAACTGTCAGAGGT	-10.4984162634219	-2.40093514768786
10X_P7_4_GCAAACTGTTTCCACC	10.9264132196104	8.81868984849744
10X_P7_4_GCACTCTGTAAACCTC	11.6161400491392	8.47842266710096
10X_P7_4_GCAGCCAGTTGAACTC	-2.80801447089562	0.384952212884954
10X_P7_4_GCAGTTAAGTATTGGA	-11.3005946462954	1.28418519647413
10X_P7_4_GCAGTTATCGCACTCT	10.2281252557432	8.26843884141736
10X_P7_4_GCATACATCCCTGACT	-11.8558028524722	3.97840120942884
10X_P7_4_GCATGCGCAGCTGCTG	-2.76300748046288	0.24665811212354
10X_P7_4_GCATGTACACCTCGTT	1.76120988670936	-12.4506611570568
10X_P7_4_GCCAAATAGATATACG	12.0072390252744	-18.0393757566661
10X_P7_4_GCCAAATCACCATCCT	-12.6140015905703	3.74737360627942
10X_P7_4_GCCTCTACATCGGAAG	11.9860598260557	8.08108761461072
10X_P7_4_GCCTCTATCAAGAAGT	10.8436466867124	9.6168875947743
10X_P7_4_GCGACCAAGTGACATA	2.22815505806556	-12.4500994428844
10X_P7_4_GCGAGAAGTCGAGTTT	-12.2694724386538	1.77409413011365
10X_P7_4_GCGCCAAAGGCATTGG	10.5638214761411	-16.9158978208751
10X_P7_4_GCGCGATGTGCTGTAT	-0.66372301038155	-11.3170189604015
10X_P7_4_GCGCGATTCTTGCATT	-10.5913003271426	-2.2615143999309
10X_P7_4_GCTCCTAGTCTAAAGA	-12.3295691793765	4.0768952623158
10X_P7_4_GCTCTGTAGTCGTTTG	10.6050860101377	9.30504658372693
10X_P7_4_GCTCTGTGTCTAAAGA	10.9793535882627	9.53055145891004
10X_P7_4_GCTGCAGAGCCCTAAT	-10.326553661188	0.0263598218708545
10X_P7_4_GCTGCAGTCAACGGGA	11.4702860528623	8.46398689897352
10X_P7_4_GCTGCAGTCGTTTGCC	-12.0560239141787	2.14298632295423
10X_P7_4_GCTGCAGTCTGCGACG	-0.738587338289112	-11.3208985075206
10X_P7_4_GCTGCGAAGAACAACT	12.0256163293516	-17.7546467527599
10X_P7_4_GCTGCGAGTAAACGCG	-11.5989840811099	3.2316165223866
10X_P7_4_GCTGCGATCGAATGCT	4.27571265045753	10.6768374696522
10X_P7_4_GCTGCTTCAGCTGTAT	-10.9338782614077	0.183593775346807
10X_P7_4_GCTGCTTGTCCGAAGA	-10.7405703848208	1.37537028940015
10X_P7_4_GCTGCTTTCCAATGGT	-12.1384356802309	1.11649563463025
10X_P7_4_GCTGGGTCAATGAATG	1.70711247269264	-12.1110014661998
10X_P7_4_GCTTCCAAGTGAAGTT	-0.644233304818958	1.19965102823072
10X_P7_4_GCTTCCACACGAGGTA	-11.4221986120547	-3.42611071912951
10X_P7_4_GGAAAGCAGGAGTAGA	-10.9116967504824	-2.40923843233294
10X_P7_4_GGAACTTTCACCCTCA	-11.9252360647524	-9.16966674177355
10X_P7_4_GGAACTTTCTGAGTGT	14.758913677374	0.0775505557804614
10X_P7_4_GGACAGAAGTCAAGGC	-12.7649882620181	3.80951073320203
10X_P7_4_GGACGTCAGGGTGTTG	12.3409010583555	-18.2009052976818
10X_P7_4_GGACGTCCACGCGAAA	-12.7530577963198	2.9133701577931
10X_P7_4_GGAGCAACATTACGAC	-12.1349738424624	-8.8196267828197
10X_P7_4_GGAGCAATCTGTCAAG	10.8810450250303	8.69851353318982
10X_P7_4_GGATGTTAGTGTACGG	9.60874430481544	10.053069616869
10X_P7_4_GGATGTTTCGTGGTCG	14.6713568383848	0.167956615999272
10X_P7_4_GGATTACAGAGGACGG	-2.6519152706469	0.64744403512769
10X_P7_4_GGATTACCACGGTAAG	-12.2185719793642	0.401340629175237
10X_P7_4_GGATTACGTGCCTGTG	-0.682063597997516	-11.3230385526866
10X_P7_4_GGCAATTCATGATCCA	12.7704741174375	7.98812725694471
10X_P7_4_GGCAATTGTAAATACG	9.41953913513771	8.92237045915418
10X_P7_4_GGCCGATCAAGGACTG	10.1361052209531	9.56523087175184
10X_P7_4_GGCGACTCAAATCCGT	-12.9775012319888	3.42989781053357
10X_P7_4_GGCGACTCAGTATAAG	-1.92910285647759	0.579978491380742
10X_P7_4_GGCGTGTCAATCCAAC	12.2677065545713	-18.169794534132
10X_P7_4_GGCGTGTTCGTGGACC	-11.9151986425723	-9.23636767713732
10X_P7_4_GGCTCGACAAGCTGTT	-11.7153056448306	-0.0764431699962109
10X_P7_4_GGCTCGATCACATACG	9.29172007385841	8.29250672014051
10X_P7_4_GGCTGGTCAGGGCATA	8.81010596100441	9.25005867631727
10X_P7_4_GGCTGGTGTGTCGCTG	12.5001570398008	7.53928806932264
10X_P7_4_GGGAATGTCCGCAGTG	12.8061949426328	8.87403824479871
10X_P7_4_GGGACCTCACTCTGTC	9.69242064301124	8.35251190812879
10X_P7_4_GGGACCTCAGACGCAA	-2.21746309455285	0.406486178949407
10X_P7_4_GGGACCTGTTATCGGT	-2.53444214518914	0.606387163713506
10X_P7_4_GGGAGATAGGTGCTTT	2.23953048531166	-12.3323778852672
10X_P7_4_GGGATGATCCGAAGAG	0.916661184469372	2.02642800958448
10X_P7_4_GGGCATCCAGTCGATT	-11.5102341955508	-2.71853480188555
10X_P7_4_GGGCATCGTACCCAAT	-3.10511382277855	0.552317287042668
10X_P7_4_GGGTCTGCATTGTGCA	-12.488922435602	1.82689216287427
10X_P7_4_GGTATTGCACAGAGGT	-12.3641179388369	2.57806828172498
10X_P7_4_GGTATTGGTCGGCACT	-10.3796819036807	0.146548892572454
10X_P7_4_GGTGAAGTCGACCAGC	11.3093229943906	8.84078838975721
10X_P7_4_GGTGCGTGTATATCCG	-11.2088616674746	1.38576462419324
10X_P7_4_GGTGTTAAGCTAGTGG	1.77720157448402	-12.5772299513072
10X_P7_4_GGTGTTATCAGTGCAT	-11.2841838186587	4.138069655016
10X_P7_4_GTAACGTAGCTAACAA	12.22167746369	-18.296633218214
10X_P7_4_GTAACGTGTCTTGTCC	-10.478144008478	-0.283776198312709
10X_P7_4_GTAACGTGTTGAGTTC	10.7054306680357	9.74177601487928
10X_P7_4_GTAACGTGTTTGCATG	-11.5040915792788	0.697919513299993
10X_P7_4_GTAACTGGTAAGTTCC	4.35411040131202	10.4562049165516
10X_P7_4_GTAACTGGTCGCGTGT	12.6775910073911	-17.2189106687755
10X_P7_4_GTAGGCCAGCTAACAA	-11.0414393728579	1.19708707483106
10X_P7_4_GTAGGCCCAGCCTATA	9.66025130097023	9.65132763536268
10X_P7_4_GTAGGCCTCAACGGGA	9.70447604004493	10.1635203614979
10X_P7_4_GTAGGCCTCTCGAGTA	4.32897917572609	10.4399171129017
10X_P7_4_GTATCTTAGGTGATAT	4.58749787155738	10.289530302599
10X_P7_4_GTATCTTTCATCGGAT	-10.5250209158266	-0.545627598449656
10X_P7_4_GTATTCTTCACCATAG	12.4846884423887	7.49717953355603
10X_P7_4_GTATTCTTCCGTCATC	-12.2422078436221	0.864276792123845
10X_P7_4_GTCAAGTAGAGGTTGC	-11.8427747076357	-3.22822282163806
10X_P7_4_GTCACAAGTTCCTCCA	9.16976134125343	9.34630158098035
10X_P7_4_GTCACGGCATGGATGG	10.2513586694395	9.71970703752332
10X_P7_4_GTCATTTAGTGTGAAT	9.72219816986671	9.69376518876844
10X_P7_4_GTCATTTGTAGGAGTC	-12.462051708063	3.99903919847303
10X_P7_4_GTCATTTTCACCGTAA	10.2394253427183	9.38908054979139
10X_P7_4_GTCATTTTCCCAACGG	-11.3283618276919	1.20778610856824
10X_P7_4_GTCCTCACATTCTCAT	-11.6608098333682	3.539521242693
10X_P7_4_GTCCTCATCTGTCCGT	-0.570273119767994	-11.258001779005
10X_P7_4_GTCGTAAAGCTGATAA	-11.4294932669009	4.53776457460218
10X_P7_4_GTCGTAATCCTAGGGC	11.4068419152891	-17.2304730161876
10X_P7_4_GTCGTAATCTTTAGTC	-2.25530298407921	0.519411946847966
10X_P7_4_GTCTTCGAGCGTCTAT	-11.3074611013735	-0.0814718350619763
10X_P7_4_GTGCAGCAGATGCGAC	-11.6855462377871	-1.09845266191668
10X_P7_4_GTGCAGCGTTGGAGGT	-0.423401791414112	-11.3555788740367
10X_P7_4_GTGCATACACGCTTTC	10.9669834787046	-17.0411362394542
10X_P7_4_GTGCATACATGGTCTA	3.5891644174253	10.3062691942006
10X_P7_4_GTGCGGTCACGAAATA	2.9874536210691	-12.0054936155529
10X_P7_4_GTGCTTCCACATAACC	2.53120438400856	-12.2070641264171
10X_P7_4_GTGGGTCAGAGGTTGC	2.91445509735694	-12.1012749418468
10X_P7_4_GTGGGTCCAAGCTGAG	-11.7002023046816	3.83304932267957
10X_P7_4_GTGGGTCTCCAGAGGA	4.4688350373899	10.4101500764638
10X_P7_4_GTGTTAGAGCTGCAAG	9.64836470429054	8.65142014177137
10X_P7_4_GTGTTAGCAACTGCTA	10.727832477728	8.6244445100575
10X_P7_4_GTTAAGCCATTCTCAT	-11.4855750387515	-1.52934161274142
10X_P7_4_GTTAAGCTCAAGGTAA	-10.4599755590762	-1.04621186552949
10X_P7_4_GTTCATTAGAGTCTGG	-11.45374806579	4.54094174058728
10X_P7_4_GTTCGGGAGCTTATCG	-12.6840337103213	2.50541141183667
10X_P7_4_GTTCTCGAGGCATGTG	10.444502514044	8.79111530931287
10X_P7_4_GTTCTCGAGTACGTTC	-2.16448130067238	0.502657200410894
10X_P7_4_GTTCTCGGTCTAGCGC	10.9425656015073	8.34211208970838
10X_P7_4_GTTTCTACAGATCCAT	12.4312473947202	7.51113274247937
10X_P7_4_TAAACCGAGCCACCTG	12.397341411749	8.57619335801893
10X_P7_4_TAAGAGACACGTAAGG	12.2886616403257	8.8779788270741
10X_P7_4_TAAGAGACATGGATGG	-12.90212281402	3.43695452363782
10X_P7_4_TAAGAGATCCCGGATG	9.860253017584	8.31039860399061
10X_P7_4_TACAGTGGTTCCACGG	-1.07908355053315	0.915822888925603
10X_P7_4_TACCTATAGCGAGAAA	-10.5993817632998	-1.19499351529784
10X_P7_4_TACCTATGTCGCATCG	10.5819183999693	-16.9687237486095
10X_P7_4_TACCTTAGTCCAACTA	-11.0012391393984	1.52015831620984
10X_P7_4_TACCTTATCGTGGGAA	1.77118174378029	-12.13737532942
10X_P7_4_TACGGATAGGCAATTA	10.2946192437803	8.49755909593397
10X_P7_4_TACGGATCATGGAATA	12.4998146707212	-17.5380501493663
10X_P7_4_TACGGATGTATAAACG	-11.8164532965029	-2.0052877411098
10X_P7_4_TACGGGCAGTCTCGGC	11.4781471902525	9.94742348344617
10X_P7_4_TACGGTAAGAGTAATC	12.1997534448301	-16.9981446012706
10X_P7_4_TACGGTAAGCTACCTA	10.8203798944151	-16.8795904859752
10X_P7_4_TACGGTACAAGTTCTG	-11.3199523275698	3.8821292176991
10X_P7_4_TACTCATTCAAGGTAA	-11.8085683172549	1.21683504731946
10X_P7_4_TACTCGCGTCTTGCGG	-10.9433940237368	-1.97151318638034
10X_P7_4_TACTTACTCTCCAACC	-3.82994731124291	0.486073757722905
10X_P7_4_TAGCCGGGTCGAACAG	-12.7815125768984	3.01265862138562
10X_P7_4_TAGCCGGGTTCGTGAT	-0.744749028047413	-11.2639555677623
10X_P7_4_TAGGCATGTCTCCATC	-11.5970624273623	-2.99896881429858
10X_P7_4_TAGGCATTCAAACCAC	10.2432457620298	7.99920323045545
10X_P7_4_TAGTTGGAGTGTTGAA	-2.76099403556237	0.601884390428594
10X_P7_4_TAGTTGGGTAGTACCT	8.58868090454689	9.23940327318006
10X_P7_4_TAGTTGGTCACGAAGG	12.2977005654966	8.37325718553357
10X_P7_4_TATCTCAAGCTACCTA	10.6268688851987	-17.0013222440929
10X_P7_4_TATCTCACAAGGACAC	9.97635523621193	10.029258276537
10X_P7_4_TATCTCACAATCACAC	0.935393255392224	1.94952418954664
10X_P7_4_TATTACCCACCGAAAG	0.904937189260632	1.98642661721998
10X_P7_4_TATTACCTCGTAGGTT	-11.8146680181826	4.31184199006849
10X_P7_4_TCAACGAAGACGCTTT	-11.6917374914492	-0.105910573884913
10X_P7_4_TCAACGATCTTTAGGG	10.9502741510068	8.61461975724988
10X_P7_4_TCACAAGAGTAGCGGT	0.631017606893688	2.18620016725354
10X_P7_4_TCAGCTCAGTCGCCGT	10.9947296792661	8.79873516710096
10X_P7_4_TCAGCTCAGTGCTGCC	2.57154623810402	-12.6827797636241
10X_P7_4_TCAGCTCGTGGACGAT	-0.918416578134388	0.876086856439641
10X_P7_4_TCAGCTCGTTGATTGC	-10.8378251379336	-2.78380725233264
10X_P7_4_TCAGGATAGACAGGCT	-11.8478377645815	-9.41890857069201
10X_P7_4_TCAGGATCACTGTGTA	11.8566414529478	8.72735264451795
10X_P7_4_TCAGGATGTCTAGTCA	12.7591139489805	7.75882198961072
10X_P7_4_TCAGGTACATAACCTG	12.3668047601377	7.49325993211561
10X_P7_4_TCATTACCACATCTTT	-11.9250567739809	1.83139398248487
10X_P7_4_TCATTACTCACCGTAA	-11.808882076105	-3.136983369276
10X_P7_4_TCATTTGTCCACTCCA	-12.1946128195132	-8.72983310072131
10X_P7_4_TCCACACCACTCGACG	-3.45217664893517	0.366503621652654
10X_P7_4_TCCCGATTCCATGAAC	4.2981168443357	10.5724425569325
10X_P7_4_TCCCGATTCCGTAGGC	12.5744415933286	8.51084091813856
10X_P7_4_TCGAGGCGTATGCTTG	-10.7982676809634	-0.54235184638209
10X_P7_4_TCGAGGCTCTGAGTGT	-10.8374770468081	-0.168410454675624
10X_P7_4_TCGCGAGGTTGGGACA	9.32793204132667	9.21153214128309
10X_P7_4_TCGGGACAGTCAAGGC	1.53197829071632	-12.1995682462902
10X_P7_4_TCGGGACCAGGTGCCT	-3.88582118209252	0.317814852312139
10X_P7_4_TCGGGACCATCACCCT	2.04703704659095	-12.1029705747814
10X_P7_4_TCGGGACGTTCGGGCT	10.4292313272153	7.94515087755018
10X_P7_4_TCGGTAACATTGGCGC	-12.0332969015444	3.31639816911512
10X_P7_4_TCGTACCAGTTACGGG	-11.976269084772	0.473064805582097
10X_P7_4_TCGTACCTCAACGCTA	-10.8768018072451	1.08482935579114
10X_P7_4_TCGTACCTCTGTACGA	0.807510297933727	2.04340055139356
10X_P7_4_TCGTAGATCGCATGGC	12.0788323098814	-18.1798252805919
10X_P7_4_TCTATTGCACTGAAGG	-11.5805486028994	1.32652142198377
10X_P7_4_TCTCATAGTGTAACGG	2.42626993004432	-12.5355791792125
10X_P7_4_TCTGAGACAGCTGTGC	2.46849886719337	-12.2929405912609
10X_P7_4_TCTGGAATCGAGCCCA	9.85923735443702	8.27355435045057
10X_P7_4_TCTTCGGGTAGGACAC	2.04690853897682	-12.5673784956188
10X_P7_4_TCTTTCCGTCGCGTGT	12.4822355920469	-17.0343155607433
10X_P7_4_TGACAACAGATATGGT	-2.62772448714623	0.529192949846318
10X_P7_4_TGACGGCAGAGAGCTC	12.4209486657774	-17.4833893522472
10X_P7_4_TGACGGCGTAAGTAGT	-10.1907389944399	-0.656824533626506
10X_P7_4_TGACTTTCATTCTCAT	9.46315542999855	9.82357552202039
10X_P7_4_TGACTTTTCAAACCGT	11.4149395639097	9.66131069810682
10X_P7_4_TGACTTTTCGTAGATC	-12.6013968771304	4.01671269090467
10X_P7_4_TGAGCATCATGCTGGC	12.1117264444028	-17.0916504606456
10X_P7_4_TGAGCCGGTCGGCATC	-11.1838200872744	4.14083769471937
10X_P7_4_TGAGGGAAGCGTGAAC	10.8263985330259	9.41628601701551
10X_P7_4_TGAGGGACATACCATG	-3.21455701049218	0.479503656938604
10X_P7_4_TGCACCTCAAGTTCTG	1.92558161560646	-12.487909768507
10X_P7_4_TGCACCTCAGCCTGTG	4.27469507996193	10.6268487230092
10X_P7_4_TGCACCTTCCAAGTAC	12.6720520669614	8.96579792650037
10X_P7_4_TGCCAAAGTGTGCCTG	2.81285063568702	-12.0534453138561
10X_P7_4_TGCCCATTCGGTCTAA	-11.7036794012392	-9.53170726148791
10X_P7_4_TGCCCATTCTGCTTGC	12.300022762457	-18.0636772855968
10X_P7_4_TGCCCTACATGGAATA	-11.108759242853	3.38162758500867
10X_P7_4_TGCGCAGCACTTCGAA	11.2723337823545	8.25842430742078
10X_P7_4_TGCGGGTCAGATGGGT	-11.7986348455752	3.26623680742078
10X_P7_4_TGCGGGTCATCGACGC	-12.7559026068057	-8.06730887739367
10X_P7_4_TGCGGGTGTATGGTTC	-11.3500960653628	4.22304918916517
10X_P7_4_TGCGTGGGTAGCTGCC	11.5155274087583	-16.9850363477916
10X_P7_4_TGCGTGGTCCAGGGCT	-11.689084369501	-0.345824275896022
10X_P7_4_TGCTACCCAAGAAGAG	-11.899382907709	-9.26287791578478
10X_P7_4_TGCTACCTCACAAACC	-2.22978557999978	0.551657821252874
10X_P7_4_TGCTACCTCCCTTGCA	2.82651106659523	-12.2014412626476
10X_P7_4_TGCTGCTCATCGACGC	-3.21377463992485	0.545107866838506
10X_P7_4_TGCTGCTGTAACGTTC	3.6841055566465	10.2665553346425
10X_P7_4_TGCTGCTTCACAGGCC	-12.3133481329287	-8.64320943205065
10X_P7_4_TGGACGCCACGGACAA	-11.312824565729	3.76302673967176
10X_P7_4_TGGACGCCACTTACGA	-11.1613353079165	-0.610632424041697
10X_P7_4_TGGACGCCAGCCAGAA	-12.5446570700015	-8.32670972196765
10X_P7_4_TGGACGCGTTACGACT	9.96167723480812	10.1039366975575
10X_P7_4_TGGACGCTCTGGCGTG	10.0224730188047	9.1235203996449
10X_P7_4_TGGCGCAGTAAGTAGT	8.73958460632911	8.52387383134656
10X_P7_4_TGGCTGGTCGAATGCT	-11.0220120733584	3.88770535142713
10X_P7_4_TGGGAAGAGGCGCTCT	10.5139300042783	10.1720319047719
10X_P7_4_TGGGAAGGTACAAGTA	-1.28833088632473	0.908704902246526
10X_P7_4_TGGGCGTCATAGGATA	12.0641485864317	8.55776360185438
10X_P7_4_TGGTTAGCAAGAAGAG	-3.8611849134768	0.190533663347295
10X_P7_4_TGGTTAGCATGTCGAT	12.0155216867124	-18.1712975248546
10X_P7_4_TGTATTCAGCAGCCTC	-11.2225631063784	-0.669869934007594
10X_P7_4_TGTATTCAGCGAAGGG	-11.3358748739565	4.20679762513929
10X_P7_4_TGTCCCACAGCTGTTA	2.64964262787452	-12.6883921369762
10X_P7_4_TGTCCCAGTCGCGTGT	10.0410362893735	8.92562821061902
10X_P7_4_TGTGGTAGTTCCAACA	8.70375220123878	8.69488289506727
10X_P7_4_TGTGTTTCATTACGAC	-0.993330675920338	0.779510642602971
10X_P7_4_TTAGGCACAGAAGCAC	11.6903034860288	-16.9300589307994
10X_P7_4_TTAGGCAGTACTCGCG	10.9248272592222	9.16716149003797
10X_P7_4_TTAGTTCAGCTAACAA	-12.2604754751528	2.85042932184034
10X_P7_4_TTAGTTCCATCCGGGT	-11.0839579885806	-0.960345470145413
10X_P7_4_TTAGTTCGTCTTCTCG	9.81828276459327	9.64597466142469
10X_P7_4_TTAGTTCTCTCTGCTG	10.7238661462461	8.84789230974012
10X_P7_4_TTATGCTTCCCAAGTA	12.7150847131406	8.76571610124402
10X_P7_4_TTATGCTTCCTTAATC	11.8890749627744	-17.3583340391368
10X_P7_4_TTCCCAGCATAAGACA	11.8861042672788	-17.9945778593273
10X_P7_4_TTCCCAGGTTGTTTGG	10.7470795327818	9.64786770494275
10X_P7_4_TTCGGTCAGACAATAC	-11.2566645925845	-3.27474543897814
10X_P7_4_TTCGGTCCAATCCGAT	-11.1896327322329	-1.71020064203448
10X_P7_4_TTCGGTCCACTGTTAG	-10.7354024237002	-1.72853586523242
10X_P7_4_TTCGGTCTCAGCTCTC	-0.697817761262745	-11.315187905714
10X_P7_4_TTCTACAAGAGCAATT	10.9720045739805	7.98569538743787
10X_P7_4_TTCTCCTTCACCGTAA	-3.65731223281273	0.544351960733464
10X_P7_4_TTCTTAGGTTTGGGCC	4.41840903107277	10.5587191835194
10X_P7_4_TTCTTAGTCATGGTCA	8.58106295410743	8.8059106126576
10X_P7_4_TTGCCGTAGCTATGCT	3.66844717804542	10.2311377778798
10X_P7_4_TTGCCGTGTTGCGCAC	-3.51499040778527	0.491113568857244
10X_P7_4_TTGCCGTGTTGTTTGG	-2.91418178733239	0.582057620599797
10X_P7_4_TTGCGTCAGCAGATCG	-0.983577091058582	0.969077850893071
10X_P7_4_TTGGAACAGTTGCAGG	-12.0797656362856	3.6519046083241
10X_P7_4_TTGGCAAAGTGGTAAT	-12.7564204519595	-8.17796275465197
10X_P7_4_TTGTAGGAGGTGGGTT	-11.0029414480532	-0.900714603051612
10X_P7_4_TTTACTGCAGACGCTC	-11.9905274694766	1.48133876474195
10X_P7_4_TTTATGCTCGATAGAA	-10.709061939081	-1.61643818466372
10X_P7_4_TTTCCTCGTATCACCA	-3.19711120780358	0.193775559976628
10X_P7_4_TTTCCTCTCCAGGGCT	12.5988203698789	8.64357140214734
10X_P7_4_TTTGCGCAGGACAGCT	10.4722162896787	9.97859051378065
10X_P7_4_TTTGGTTCAGACTCGC	1.6442500764524	-11.8067106947154
10X_P7_4_TTTGTCAAGTGGAGAA	2.20360700432411	-12.4027685865612
10X_P7_4_TTTGTCACAAGCCATT	11.7569481546079	-17.5481247648448
10X_P7_4_TTTGTCAGTCGATTGT	11.6168934518491	9.67321922929578
10X_P7_4_TTTGTCAGTGCGCTTG	3.8945957833921	10.3744559541493
