NAME	Number_of_Genes	Number_of_Reads	Mitochondrial_Genes_Percentage	Ribosomal_Protein_Genes_Percentage
TYPE	numeric	numeric	numeric	numeric
10X_P7_4_AAACCTGCACGACGAA	2062	4679	0	17.2472750587732
10X_P7_4_AAACCTGGTTCCACGG	2038	4328	0	17.768022181146
10X_P7_4_AAACCTGTCTCGATGA	2024	3851	0	11.088029083355
10X_P7_4_AAACGGGAGCGCTCCA	1446	3899	0	31.1618363682996
10X_P7_4_AAAGCAAAGTGAATTG	832	1676	0	16.4677804295943
10X_P7_4_AAAGCAACACCGAAAG	929	2080	0	30.3846153846154
10X_P7_4_AAAGTAGTCCCAAGAT	76	1672	0	0.598086124401914
10X_P7_4_AAATGCCAGTCCATAC	3471	11636	0	23.822619456858
10X_P7_4_AAATGCCCAGTAAGAT	2775	8797	0	7.82084801636922
10X_P7_4_AACCATGCACTGTCGG	3053	8619	0	19.6310476853463
10X_P7_4_AACCATGTCTCAACTT	83	2033	0	0.688637481554353
10X_P7_4_AACGTTGTCCTCATTA	2124	4414	0	11.1463525147259
10X_P7_4_AACTCAGTCACTTCAT	1226	2687	0	5.91737997767026
10X_P7_4_AACTCTTGTCTTGCGG	1304	2484	0	10.1046698872786
10X_P7_4_AACTCTTGTTCAACCA	2622	7394	0	9.83229645658642
10X_P7_4_AACTTTCCACGAAGCA	2460	7846	0	13.4718327810349
10X_P7_4_AAGACCTAGTCCCACG	3422	11245	0	15.1800800355714
10X_P7_4_AAGACCTCAGGGTTAG	2285	5309	0	19.5140327745338
10X_P7_4_AAGACCTCAGGTTTCA	1162	2426	0	17.8895300906843
10X_P7_4_AAGACCTTCTCAAACG	2088	5370	0	23.2402234636872
10X_P7_4_AAGACCTTCTTCTGGC	2681	8815	0	11.9682359614294
10X_P7_4_AAGGAGCAGCCAGAAC	2255	7305	0	17.0704996577687
10X_P7_4_AAGGCAGAGCGTTGCC	2503	6428	0	13.8923459863099
10X_P7_4_AAGGCAGAGCTCAACT	764	1547	0	13.7039431157078
10X_P7_4_AAGGCAGGTCACCTAA	2315	5997	0	22.5112556278139
10X_P7_4_AAGGTTCCAGCTATTG	1349	2455	0	14.786150712831
10X_P7_4_AAGGTTCGTATAGTAG	1529	6251	0	21.6445368741001
10X_P7_4_AAGTCTGGTAAGAGGA	3537	11629	0	24.7226760684496
10X_P7_4_AATCCAGCATGATCCA	1012	1604	0	13.4663341645885
10X_P7_4_AATCCAGTCAGTTAGC	1040	1880	0	6.96808510638298
10X_P7_4_AATCCAGTCTTGTCAT	3201	9616	0	19.4467554076539
10X_P7_4_AATCGGTAGACAGGCT	3170	8556	0	18.4315100514259
10X_P7_4_ACACCAAAGAAGCCCA	3161	10630	0	15.8419567262465
10X_P7_4_ACACCAACATCTCGCT	2324	6086	0	24.9753532697995
10X_P7_4_ACACCCTCAGTCGATT	2128	5139	0	19.1671531426348
10X_P7_4_ACACCCTTCGAGCCCA	2071	4653	0	17.558564367075
10X_P7_4_ACACCGGTCTAACTGG	2565	5812	0	13.0247763248451
10X_P7_4_ACACTGACATGCCACG	2692	6523	0	20.925954315499
10X_P7_4_ACACTGATCAACACGT	2939	7400	0	17.0135135135135
10X_P7_4_ACAGCCGGTAGCGTAG	1046	3475	0	40.9496402877698
10X_P7_4_ACATACGTCACTGGGC	2357	7412	0	13.6265515380464
10X_P7_4_ACATCAGAGAGCCCAA	2566	6922	0	23.5192140999711
10X_P7_4_ACATCAGAGTTTAGGA	2428	7022	0	6.35146681857021
10X_P7_4_ACATCAGCAGATCCAT	2163	5189	0	16.9589516284448
10X_P7_4_ACATCAGTCTCTTGAT	4093	13912	0	20.3205865439908
10X_P7_4_ACATGGTAGAGTTGGC	238	4737	0	1.79438463162339
10X_P7_4_ACATGGTAGCTAAGAT	1655	3720	0	16.1021505376344
10X_P7_4_ACATGGTGTAAGTTCC	1140	2496	0	6.65064102564103
10X_P7_4_ACATGGTTCCACGTGG	2085	5009	0	14.8931922539429
10X_P7_4_ACCCACTAGATATACG	848	1347	0	8.68596881959911
10X_P7_4_ACCGTAAAGGATGGTC	1280	2392	0	8.98829431438127
10X_P7_4_ACCGTAACAACTTGAC	2878	8708	0	18.0868167202572
10X_P7_4_ACGAGCCAGCGCTCCA	1052	2412	0	7.00663349917081
10X_P7_4_ACGAGCCAGCTCTCGG	2526	9700	0	7.96907216494845
10X_P7_4_ACGAGGATCTCTTGAT	2606	7332	0	22.0403709765412
10X_P7_4_ACGATACAGCCGTCGT	1821	4265	0	19.5545134818288
10X_P7_4_ACGATACCACAGCGTC	2543	6930	0	11.7316017316017
10X_P7_4_ACGATGTAGACAAGCC	195	3762	0	0.850611376927166
10X_P7_4_ACGATGTCAAACAACA	4541	17858	0	22.9812968977489
10X_P7_4_ACGATGTCATACGCTA	2421	7585	0	21.8325642715887
10X_P7_4_ACGATGTTCTACGAGT	1482	3448	0	29.1763341067285
10X_P7_4_ACGCAGCAGTTACGGG	195	3794	0	1.00158144438587
10X_P7_4_ACGCCGAAGCCCAACC	2925	8817	0	18.0900533061132
10X_P7_4_ACGCCGATCAGTCAGT	73	1441	0	0.971547536433033
10X_P7_4_ACGGAGAAGCGATATA	2722	8101	0	23.3551413405752
10X_P7_4_ACGGAGAGTCACACGC	2371	6401	0	19.4813310420247
10X_P7_4_ACGGCCACAACTGCTA	2140	5575	0	24.5919282511211
10X_P7_4_ACGGGCTAGTAGATGT	992	1636	0	12.4083129584352
10X_P7_4_ACGGGCTGTTTGTTTC	2756	7401	0	14.4980408052966
10X_P7_4_ACGGGTCCAGGCTCAC	1256	3474	0	32.9879101899827
10X_P7_4_ACGGGTCGTTGTACAC	1963	4435	0	20.0676437429538
10X_P7_4_ACGTCAATCGCGCCAA	2999	7884	0	11.1237950279046
10X_P7_4_ACTGAGTCACTGCCAG	2124	4663	0	17.6495818142827
10X_P7_4_ACTGAGTTCGACCAGC	2385	6449	0	16.1575438052411
10X_P7_4_ACTGATGAGCTCTCGG	1894	4042	0	11.850569025235
10X_P7_4_ACTGATGTCGGTTAAC	3119	9714	0	16.9034383364217
10X_P7_4_ACTGCTCAGACCCACC	2261	6501	0	25.8575603753269
10X_P7_4_ACTGCTCAGAGGGCTT	2979	10390	0	11.4821944177093
10X_P7_4_ACTGCTCAGCCTTGAT	3477	11131	0	16.56634624023
10X_P7_4_ACTGCTCAGCTAGTTC	2669	6454	0	17.1986365044933
10X_P7_4_ACTGCTCGTGCGGTAA	1654	3595	0	12.2948539638387
10X_P7_4_ACTTACTAGAAACCGC	1232	2245	0	5.52338530066815
10X_P7_4_ACTTGTTCATCCAACA	1753	3462	0	8.86770652801849
10X_P7_4_ACTTGTTCATGACATC	2913	7761	0	19.0310526993944
10X_P7_4_AGAATAGAGCACGCCT	2553	6096	0	20.3904199475066
10X_P7_4_AGAATAGTCTCTGCTG	2201	5441	0	14.3172210990627
10X_P7_4_AGACGTTTCTCGATGA	2362	5954	0	25.0587840107491
10X_P7_4_AGAGCGAAGCACGCCT	2084	5147	0	18.3019234505537
10X_P7_4_AGAGCGAAGTGTGGCA	3363	11787	0	14.1172478153898
10X_P7_4_AGAGCGACAACACCCG	339	7012	0	1.0125499144324
10X_P7_4_AGAGCGATCAATCACG	2548	7008	0	18.8926940639269
10X_P7_4_AGAGCGATCCGTAGTA	2267	5158	0	15.6068243505235
10X_P7_4_AGAGCTTAGTACGTTC	1815	3822	0	18.9429618001047
10X_P7_4_AGAGTGGAGTCCGTAT	1248	2257	0	8.24102791315906
10X_P7_4_AGAGTGGCATGCCACG	2165	4712	0	15.0042444821732
10X_P7_4_AGATCTGAGCGATCCC	2537	7198	0	18.0744651292026
10X_P7_4_AGATCTGGTCTCTTTA	2246	7793	0	17.2077505453612
10X_P7_4_AGATCTGTCTGTACGA	1700	3912	0	7.51533742331288
10X_P7_4_AGCATACGTTACGTCA	2023	4105	0	10.0609013398295
10X_P7_4_AGCGGTCAGTATCTCG	2451	7402	0	22.750607943799
10X_P7_4_AGCGTCGGTGCAGGTA	3246	10224	0	15.2777777777778
10X_P7_4_AGCTCCTCACTAGTAC	299	5725	0	0.995633187772926
10X_P7_4_AGCTCTCTCCCAAGTA	2469	5738	0	15.1446497037295
10X_P7_4_AGCTTGAAGGGATGGG	2268	7215	0	7.22106722106722
10X_P7_4_AGCTTGATCCACGTTC	2501	7009	0	11.2712227136539
10X_P7_4_AGGCCACAGCGCTCCA	2246	6748	0	5.74985180794309
10X_P7_4_AGGCCACGTATCGCAT	1588	3795	0	20.9486166007905
10X_P7_4_AGGCCACTCGCTTAGA	3143	9505	0	22.1883219358233
10X_P7_4_AGGTCATGTATTCGTG	1459	2929	0	21.3724820757938
10X_P7_4_AGGTCATGTCAGTGGA	2158	5816	0	20.8734525447043
10X_P7_4_AGGTCATGTTACGACT	1494	3066	0	14.8075668623614
10X_P7_4_AGGTCCGCACCACGTG	3190	10477	0	25.2744106137253
10X_P7_4_AGTCTTTCAGTGGGAT	1863	5076	0	29.1371158392435
10X_P7_4_AGTCTTTCATCATCCC	4221	18023	0	13.7823891693947
10X_P7_4_AGTCTTTGTATTACCG	3722	14477	0	17.3102162050149
10X_P7_4_AGTGAGGCACATTCGA	1209	3360	0	38.4821428571429
10X_P7_4_AGTGAGGGTAATCACC	2551	9342	0	19.9850139156498
10X_P7_4_AGTGGGACAGCCTTGG	3590	11366	0	15.5023755058948
10X_P7_4_AGTGGGATCTCTAAGG	2938	7829	0	18.3803806360966
10X_P7_4_AGTGTCAAGCCACCTG	1967	4145	0	9.6984318455971
10X_P7_4_AGTGTCACACATGGGA	1941	4201	0	20.1856700785527
10X_P7_4_AGTTGGTCAGTTAACC	1721	4294	0	27.2938984629716
10X_P7_4_AGTTGGTGTATCAGTC	2097	4765	0	6.69464847848898
10X_P7_4_AGTTGGTGTGACTACT	2701	7989	0	16.3975466266116
10X_P7_4_ATAAGAGAGGGCTCTC	2524	5725	0	14.4978165938865
10X_P7_4_ATAAGAGAGTACGCGA	1623	2957	0	10.8555968887386
10X_P7_4_ATAAGAGGTGTGCCTG	1617	3287	0	12.2604198357165
10X_P7_4_ATAGACCTCTCACATT	1124	1882	0	8.39532412327311
10X_P7_4_ATCACGATCAACACCA	2298	5772	0	11.6597366597367
10X_P7_4_ATCCACCAGAAACCTA	888	2256	0	35.1950354609929
10X_P7_4_ATCCACCGTCGACTAT	3788	12263	0	13.267552801109
10X_P7_4_ATCCGAACAAGCCCAC	3996	13010	0	13.80476556495
10X_P7_4_ATCCGAATCAAACCGT	2288	5500	0	16.9636363636364
10X_P7_4_ATCGAGTAGGGTGTTG	1176	2268	0	3.26278659611993
10X_P7_4_ATCGAGTGTCGAACAG	1535	2990	0	9.16387959866221
10X_P7_4_ATCTACTAGGAATCGC	2862	9070	0	19.1620727673649
10X_P7_4_ATCTACTAGTGGACGT	2160	5074	0	15.5301537248719
10X_P7_4_ATCTACTGTTGAGTTC	1732	3365	0	11.5601783060921
10X_P7_4_ATCTGCCAGGTGGGTT	3551	10799	0	19.6129271228818
10X_P7_4_ATGAGGGTCGGACAAG	3377	15457	0	21.0648896939898
10X_P7_4_ATGAGGGTCTACTTAC	2084	4738	0	13.7821865766146
10X_P7_4_ATGCGATAGATGCCAG	2753	7017	0	15.7617215334188
10X_P7_4_ATGCGATGTCGCATAT	2134	5679	0	15.09068497975
10X_P7_4_ATGTGTGTCGGCCGAT	2363	6133	0	11.7886841676178
10X_P7_4_ATTATCCAGACTACAA	4131	14710	0	21.0469068660775
10X_P7_4_ATTATCCCACCGAATT	3137	10705	0	13.0499766464269
10X_P7_4_ATTATCCGTCTTCGTC	1676	3469	0	16.2582876909772
10X_P7_4_ATTCTACCAAACAACA	2833	7232	0	13.1222345132743
10X_P7_4_ATTCTACCATATACCG	2665	7197	0	12.3106850076421
10X_P7_4_ATTCTACTCTCCCTGA	2611	7098	0	18.4840800225416
10X_P7_4_ATTGGACCATGCAATC	3140	9165	0	16.9339879978178
10X_P7_4_ATTGGTGAGAGTACCG	65	1578	0	0.380228136882129
10X_P7_4_ATTGGTGTCTGAGGGA	4153	14514	0	17.4383354003032
10X_P7_4_ATTTCTGCACCACCAG	2875	10146	0	12.5369603784743
10X_P7_4_ATTTCTGTCCCGGATG	2825	7899	0	15.9767059121408
10X_P7_4_ATTTCTGTCTAGAGTC	1449	3201	0	6.77913152139956
10X_P7_4_CAACCAACAAGAAGAG	2135	5299	0	21.1926778637479
10X_P7_4_CAACCAACAGCTATTG	1154	1966	0	12.5127161749746
10X_P7_4_CAACCTCCATTAGGCT	2640	6600	0	18.2424242424242
10X_P7_4_CAACTAGCACATAACC	1050	3056	0	14.1034031413613
10X_P7_4_CAACTAGGTTAGATGA	2107	5841	0	15.6651258346174
10X_P7_4_CAACTAGTCCTGTACC	1875	4960	0	28.6693548387097
10X_P7_4_CAAGAAAAGAGAGCTC	1921	4229	0	15.2518325845354
10X_P7_4_CAAGAAAGTATGGTTC	3259	10291	0	20.0952288407346
10X_P7_4_CAAGATCTCACGCGGT	2466	7131	0	14.7665124106016
10X_P7_4_CAAGTTGAGATCTGAA	1263	3179	0	30.9845863479081
10X_P7_4_CAAGTTGCAATCTGCA	1849	4970	0	6.74044265593561
10X_P7_4_CACAAACAGATGCCAG	3095	7459	0	9.10309692988336
10X_P7_4_CACAAACTCGCGATCG	3076	9397	0	16.4307757795041
10X_P7_4_CACACAAAGCCCTAAT	2341	6873	0	7.79863232940492
10X_P7_4_CACACTCAGTGGACGT	331	6637	0	0.617748982974235
10X_P7_4_CACAGGCGTACTCTCC	3026	9956	0	25.5423865006027
10X_P7_4_CACAGGCGTCGAATCT	3856	13556	0	13.4184125110652
10X_P7_4_CACATAGAGGGATACC	2123	5271	0	9.71352684500095
10X_P7_4_CACATAGCACACATGT	3419	10403	0	20.4267999615496
10X_P7_4_CACATAGGTCTCTTTA	1988	4487	0	14.1965678627145
10X_P7_4_CACATAGTCCCAAGTA	5203	23870	0	14.2857142857143
10X_P7_4_CACATTTTCTGTCAAG	1828	3801	0	7.94527755853723
10X_P7_4_CACTCCATCCGCAGTG	1071	2866	0	33.4612700628053
10X_P7_4_CACTCCATCGTGTAGT	2865	7750	0	16.0903225806452
10X_P7_4_CAGAATCAGCTCCTCT	2273	4658	0	11.9364534134822
10X_P7_4_CAGAATCCAATAACGA	2695	7223	0	15.0768378789976
10X_P7_4_CAGAGAGCACCTTGTC	1446	2840	0	13.3098591549296
10X_P7_4_CAGATCAAGAAGGCCT	4135	14080	0	12.6420454545455
10X_P7_4_CAGATCACAGCTGCAC	2626	6905	0	15.4525706010138
10X_P7_4_CAGATCAGTACGCACC	1207	2161	0	11.9389171679778
10X_P7_4_CAGCAGCAGACTAGAT	1224	2076	0	8.33333333333333
10X_P7_4_CAGCAGCGTGAAAGAG	3350	13979	0	11.1309821875671
10X_P7_4_CAGCAGCGTTGTTTGG	2740	7980	0	16.203007518797
10X_P7_4_CAGCCGACACAGTCGC	2711	7518	0	23.6632083000798
10X_P7_4_CAGCGACCAAACGCGA	930	1604	0	16.0224438902743
10X_P7_4_CAGCTAACAAGAGTCG	3800	13268	0	17.2068133855894
10X_P7_4_CAGGTGCTCACCACCT	2866	10833	0	5.9447983014862
10X_P7_4_CAGGTGCTCTCCGGTT	2605	6099	0	13.0841121495327
10X_P7_4_CAGTAACAGTGGTAAT	2441	7653	0	10.8584868678949
10X_P7_4_CAGTCCTAGGATTCGG	2603	7456	0	7.87285407725322
10X_P7_4_CAGTCCTGTGAGCGAT	1445	2590	0	8.91891891891892
10X_P7_4_CATATGGTCAGGTAAA	2767	7023	0	13.6408942047558
10X_P7_4_CATATGGTCGTTTATC	2625	7802	0	14.3937451935401
10X_P7_4_CATATTCAGACGCTTT	1297	2675	0	5.00934579439252
10X_P7_4_CATCAGATCGGGAGTA	103	2806	0	1.21168923734854
10X_P7_4_CATCCACCAATACGCT	1408	4482	0	18.4738955823293
10X_P7_4_CATCGAAAGGCTCTTA	2128	5350	0	20.018691588785
10X_P7_4_CATCGAAAGTACGCGA	3098	9608	0	27.1752706078268
10X_P7_4_CATCGAATCAACGGGA	1991	5476	0	23.4660336011687
10X_P7_4_CATCGGGCAGCTGTAT	1166	2274	0	16.6666666666667
10X_P7_4_CATCGGGCATAAAGGT	1170	2019	0	12.3823675086677
10X_P7_4_CATCGGGGTCGCTTTC	2658	7722	0	19.3214193214193
10X_P7_4_CATCGGGGTTGTACAC	2079	4852	0	18.0750206100577
10X_P7_4_CATGACATCCACGTGG	1955	4090	0	17.481662591687
10X_P7_4_CATGCCTCATTGGCGC	2906	8610	0	21.4053426248548
10X_P7_4_CATGGCGCACCCATGG	1278	2904	0	17.4931129476584
10X_P7_4_CATGGCGGTGCAGGTA	4614	24714	0	13.6198106336489
10X_P7_4_CATTCGCCATTTCACT	1971	4612	0	20.9019947961839
10X_P7_4_CCAATCCCACTACAGT	806	1922	0	10.1977107180021
10X_P7_4_CCACCTAAGGCCCGTT	3117	9473	0	14.7155072310778
10X_P7_4_CCACCTAGTCACTGGC	3751	11739	0	16.236476701593
10X_P7_4_CCACCTATCAGCATGT	2007	5236	0	21.524064171123
10X_P7_4_CCACGGAAGGCCCGTT	2443	9435	0	21.4838367779544
10X_P7_4_CCAGCGACACGAAAGC	3381	10540	0	17.3244781783681
10X_P7_4_CCATGTCCACTTGGAT	2758	7269	0	16.1507772733526
10X_P7_4_CCATGTCTCCCATTAT	3251	13138	0	15.5274775460496
10X_P7_4_CCCAATCCAGGTGGAT	1869	5553	0	18.2784080677111
10X_P7_4_CCCAATCTCATCTGCC	2105	5196	0	20.977675134719
10X_P7_4_CCCAGTTCATCGTCGG	1346	3382	0	13.1578947368421
10X_P7_4_CCCATACGTAGCTAAA	1121	1909	0	10.5290728129911
10X_P7_4_CCCTCCTTCAAACAAG	541	1398	0	3.86266094420601
10X_P7_4_CCCTCCTTCATTGCGA	2564	6511	0	20.2273076332361
10X_P7_4_CCGGGATGTTGGTTTG	3126	9242	0	16.6522397749405
10X_P7_4_CCGTACTCATCGGGTC	2316	5530	0	17.8300180831826
10X_P7_4_CCGTGGAAGTAACCCT	831	1515	0	16.1716171617162
10X_P7_4_CCGTGGATCTATCCTA	2947	7847	0	14.7062571683446
10X_P7_4_CCGTTCAGTAGGCTGA	2642	7435	0	19.2602555480834
10X_P7_4_CCTAAAGGTTCGTCTC	1795	3619	0	11.8817352859906
10X_P7_4_CCTACACCAACTGCTA	2985	8265	0	16.3339382940109
10X_P7_4_CCTACCAGTAGGGTAC	2397	8493	0	19.0980807724008
10X_P7_4_CCTACCATCGCTTGTC	963	1727	0	11.8123914302258
10X_P7_4_CCTAGCTGTGCATCTA	3082	8193	0	14.8053216160137
10X_P7_4_CCTATTAGTCGCATAT	3246	18083	0	27.6889896587956
10X_P7_4_CCTCAGTCAGCAGTTT	1864	3821	0	13.0855796911803
10X_P7_4_CCTCAGTGTGCAGTAG	166	3530	0	0.934844192634561
10X_P7_4_CCTCTGAAGAAGATTC	1579	3199	0	17.2241325414192
10X_P7_4_CCTTACGGTTCATGGT	2152	4937	0	17.1764229289042
10X_P7_4_CCTTACGTCGCCAGCA	3593	12418	0	26.0911579964568
10X_P7_4_CCTTCGAAGTCTTGCA	2552	6372	0	12.4764595103578
10X_P7_4_CCTTCGAGTCACACGC	2955	9125	0	22.7397260273973
10X_P7_4_CCTTTCTTCGTAGATC	2671	6465	0	18.4377416860015
10X_P7_4_CGAATGTAGAGCTGCA	1840	5141	0	5.75763470141996
10X_P7_4_CGACCTTGTCTTCAAG	131	3529	0	0.510059506942477
10X_P7_4_CGACTTCGTAGTACCT	2462	5821	0	15.7361278130905
10X_P7_4_CGACTTCTCTGATACG	2697	8652	0	5.90614886731392
10X_P7_4_CGAGAAGAGCAGCGTA	4506	16798	0	21.6454339802357
10X_P7_4_CGAGAAGAGCGATAGC	2171	5506	0	17.1267707954958
10X_P7_4_CGAGAAGGTTGCGTTA	1824	5915	0	16.2975486052409
10X_P7_4_CGAGAAGTCTAGCACA	1327	3117	0	27.8472890599936
10X_P7_4_CGATGGCGTACTTCTT	1865	4368	0	16.4606227106227
10X_P7_4_CGATGGCTCTCGTATT	313	5469	0	0.65825562260011
10X_P7_4_CGATGTATCCCTTGTG	2400	8593	0	9.19352961713022
10X_P7_4_CGATGTATCGAGAACG	2028	4325	0	11.8150289017341
10X_P7_4_CGCCAAGTCCTAGAAC	2365	7057	0	23.1259742100043
10X_P7_4_CGCGGTACAAGTACCT	2574	6953	0	16.4964763411477
10X_P7_4_CGCGGTACAGACGCCT	3714	11626	0	16.2050576294512
10X_P7_4_CGCGGTACAGCCTTGG	2187	5733	0	5.1107622536194
10X_P7_4_CGCGTTTGTTCCACAA	2403	7211	0	13.2297878241575
10X_P7_4_CGCGTTTGTTCGTTGA	313	5554	0	0.594166366582643
10X_P7_4_CGCTATCCACTGCCAG	1649	3435	0	14.7598253275109
10X_P7_4_CGCTATCCATCTATGG	2853	7312	0	8.90317286652079
10X_P7_4_CGCTGGATCTGCGACG	1930	5038	0	23.1242556570067
10X_P7_4_CGCTTCAAGATCCCAT	1973	4450	0	16.4494382022472
10X_P7_4_CGCTTCAGTAAGCACG	3250	9892	0	17.0946219167004
10X_P7_4_CGCTTCATCCGAATGT	1238	3050	0	13.5737704918033
10X_P7_4_CGGACACAGGCTACGA	1413	3413	0	5.88924699677703
10X_P7_4_CGGACACAGTAGGCCA	1352	2419	0	11.3269946258785
10X_P7_4_CGGACGTAGCTTTGGT	2441	6086	0	17.7620768977982
10X_P7_4_CGGACGTAGGCTAGCA	3301	8977	0	11.8747911328952
10X_P7_4_CGGACTGAGCAGCCTC	1818	4357	0	22.2171218728483
10X_P7_4_CGGACTGCACTGTCGG	2840	8497	0	13.2281981875956
10X_P7_4_CGGACTGGTCCGTCAG	2063	5375	0	19.5720930232558
10X_P7_4_CGGACTGGTGGTACAG	2869	9517	0	20.2689923295156
10X_P7_4_CGGAGCTCACGACGAA	2290	6425	0	18.5214007782101
10X_P7_4_CGGAGCTGTTAAGGGC	3205	9463	0	18.4085385184402
10X_P7_4_CGGAGCTTCCTGCAGG	1292	2272	0	12.544014084507
10X_P7_4_CGGAGTCCACGAGGTA	3007	8067	0	17.862898227346
10X_P7_4_CGGAGTCCAGACACTT	1413	2798	0	15.2966404574696
10X_P7_4_CGGAGTCTCAGCAACT	4828	18423	0	15.8063290452152
10X_P7_4_CGGCTAGGTCAGTGGA	3113	9760	0	17.7561475409836
10X_P7_4_CGGGTCATCAGGATCT	1076	2179	0	15.3281321707205
10X_P7_4_CGGGTCATCCCAGGTG	1945	5372	0	23.6783320923306
10X_P7_4_CGGGTCATCTGCGTAA	2043	4646	0	12.0749031424882
10X_P7_4_CGGTTAATCCGCAGTG	3092	8579	0	13.5796712903602
10X_P7_4_CGGTTAATCTGTCCGT	1966	5295	0	11.0481586402266
10X_P7_4_CGTAGCGCACCACGTG	2515	8167	0	13.6647483776172
10X_P7_4_CGTAGCGCATGGGAAC	3129	9522	0	15.7634950640622
10X_P7_4_CGTAGGCCATTCGACA	3601	12121	0	15.964029370514
10X_P7_4_CGTCACTGTAACGCGA	1323	2400	0	10.6666666666667
10X_P7_4_CGTCAGGTCGGCTTGG	1951	4518	0	14.8074369189907
10X_P7_4_CGTCCATAGACAATAC	819	1375	0	16.1454545454545
10X_P7_4_CGTCCATAGGAGCGAG	3278	8994	0	15.4769846564376
10X_P7_4_CGTCCATCAGCTCGAC	1205	3275	0	35.6030534351145
10X_P7_4_CGTCTACCAAATCCGT	1683	3800	0	20.2105263157895
10X_P7_4_CGTGAGCAGGGCATGT	2330	5732	0	16.2247034193999
10X_P7_4_CGTGAGCAGTACACCT	2876	9777	0	8.25406566431421
10X_P7_4_CGTGTCTAGCGATAGC	2276	4858	0	8.5014409221902
10X_P7_4_CGTGTCTAGTGGACGT	2695	6864	0	18.1526806526807
10X_P7_4_CGTGTCTCACTCTGTC	3188	8431	0	9.57181828964536
10X_P7_4_CGTTCTGTCGTGGGAA	4446	16488	0	23.5140708393984
10X_P7_4_CTAAGACGTACATCCA	917	1536	0	7.55208333333333
10X_P7_4_CTAAGACGTGACAAAT	2581	6820	0	18.9149560117302
10X_P7_4_CTAAGACGTTGACGTT	1502	5488	0	48.6333819241982
10X_P7_4_CTAAGACTCGTGGACC	5128	20354	0	9.13825292325833
10X_P7_4_CTAATGGGTACAGTGG	2090	4771	0	10.3332634667785
10X_P7_4_CTACACCAGAAACGCC	3550	10174	0	17.869078042068
10X_P7_4_CTACACCGTCCAGTTA	2788	8101	0	16.8497716331317
10X_P7_4_CTACATTAGTATTGGA	2260	6244	0	16.111467008328
10X_P7_4_CTACCCACACGAAACG	3610	12855	0	17.0828471411902
10X_P7_4_CTACGTCGTCTCACCT	3629	12574	0	17.7668204230953
10X_P7_4_CTAGCCTGTTCGCGAC	1272	2424	0	11.3448844884488
10X_P7_4_CTAGTGAAGCAAATCA	3716	12485	0	18.1097316780136
10X_P7_4_CTAGTGACAATGGTCT	2504	6352	0	21.205919395466
10X_P7_4_CTAGTGATCGTGACAT	2770	7320	0	15.068306010929
10X_P7_4_CTAGTGATCTCCCTGA	687	1303	0	25.1726784343822
10X_P7_4_CTCAGAACACCCTATC	1633	3590	0	20.1114206128134
10X_P7_4_CTCAGAATCGCAGGCT	2917	7746	0	15.3240382132714
10X_P7_4_CTCATTACACGAAATA	3076	7683	0	9.30626057529611
10X_P7_4_CTCGAGGGTCGCATCG	2243	5519	0	23.8630186628012
10X_P7_4_CTCGGAGGTCAACTGT	4137	14715	0	16.1671763506626
10X_P7_4_CTCGGAGTCATCACCC	850	1429	0	13.2260321903429
10X_P7_4_CTCGGAGTCCTCTAGC	2115	7437	0	14.6161086459594
10X_P7_4_CTCGTCACATTATCTC	2887	8793	0	29.8078016604117
10X_P7_4_CTCGTCAGTATGAATG	3315	12959	0	13.7433443938576
10X_P7_4_CTCGTCAGTGGTCTCG	2229	6286	0	17.0060451797646
10X_P7_4_CTCTAATAGGGTCGAT	1814	4338	0	7.14615029967727
10X_P7_4_CTCTACGAGTGGAGAA	1107	1795	0	12.1448467966574
10X_P7_4_CTCTACGCAAAGCAAT	2666	7554	0	21.1411172888536
10X_P7_4_CTCTGGTAGGAGCGTT	2512	6196	0	11.0393802453196
10X_P7_4_CTCTGGTGTTCCCGAG	967	1651	0	14.5366444579043
10X_P7_4_CTCTGGTGTTTGGCGC	3221	9633	0	16.9729056368732
10X_P7_4_CTGAAACTCCGAATGT	2472	6058	0	19.8745460548036
10X_P7_4_CTGAAGTGTAGAGCTG	2399	6977	0	8.82900960298122
10X_P7_4_CTGATAGGTGAAGGCT	3191	10328	0	24.3900077459334
10X_P7_4_CTGATAGGTTAAAGAC	2888	7841	0	15.3296773370744
10X_P7_4_CTGATCCCAAGCCCAC	1065	2129	0	16.2987317989666
10X_P7_4_CTGCCTAAGGGTGTTG	3470	10673	0	14.2602829569943
10X_P7_4_CTGCGGATCGGAGCAA	2815	8551	0	20.1496900947258
10X_P7_4_CTGCTGTTCCTCGCAT	2880	8422	0	22.8330562811684
10X_P7_4_CTGTTTAGTTAAAGTG	1084	1770	0	7.6271186440678
10X_P7_4_CTGTTTATCGTCCGTT	4763	17335	0	18.5982117104125
10X_P7_4_CTTACCGAGTCCATAC	1514	2784	0	9.91379310344828
10X_P7_4_CTTACCGGTCCATCCT	2038	5656	0	22.5777934936351
10X_P7_4_CTTACCGTCTTGCAAG	1426	3620	0	28.0662983425414
10X_P7_4_CTTCTCTCACCGCTAG	2831	8422	0	14.9964379007362
10X_P7_4_CTTCTCTTCATTCACT	3531	9513	0	15.1582045621781
10X_P7_4_CTTGGCTAGACTTTCG	2978	11578	0	13.6983935049231
10X_P7_4_GAACGGACAGTCAGCC	4103	13127	0	16.843147710825
10X_P7_4_GAACGGAGTGCGAAAC	2439	6341	0	17.221258476581
10X_P7_4_GAACGGATCCTTCAAT	2680	7131	0	20.2496143598373
10X_P7_4_GAAGCAGTCACTATTC	1618	3055	0	12.7004909983633
10X_P7_4_GAAGCAGTCGAATCCA	1360	2365	0	12.0507399577167
10X_P7_4_GAATAAGTCCCATTAT	2487	7568	0	26.3609936575053
10X_P7_4_GAATGAATCGAATGCT	962	2444	0	36.7021276595745
10X_P7_4_GACACGCAGGGTTCCC	3059	9072	0	18.5074955908289
10X_P7_4_GACACGCCAGCCTTGG	3175	8789	0	11.7874615997269
10X_P7_4_GACACGCCATTTCAGG	3081	9000	0	21.7888888888889
10X_P7_4_GACAGAGAGATCGATA	2850	7708	0	19.862480539699
10X_P7_4_GACAGAGGTATTCGTG	2763	8708	0	12.5861276986679
10X_P7_4_GACAGAGGTGCACGAA	2215	5560	0	23.0935251798561
10X_P7_4_GACCTGGTCATAACCG	751	1996	0	14.9799599198397
10X_P7_4_GACGTTAAGTGTACCT	1393	2568	0	10.9423676012461
10X_P7_4_GACGTTATCCACGAAT	3373	10828	0	15.4506834133727
10X_P7_4_GACTACACAAGCTGAG	1210	2175	0	8.27586206896552
10X_P7_4_GACTACAGTAGCGTGA	2577	6822	0	18.8068015244796
10X_P7_4_GACTGCGGTGCAACTT	1527	2942	0	13.018354860639
10X_P7_4_GAGCAGAAGATATGCA	3147	8774	0	14.6683382721678
10X_P7_4_GATCAGTAGTCTCCTC	835	1372	0	12.536443148688
10X_P7_4_GATCAGTGTTTGCATG	3535	10174	0	15.8443090229998
10X_P7_4_GATCGATCACATGGGA	1132	2655	0	6.47834274952919
10X_P7_4_GATCGCGAGGGCTCTC	2499	6583	0	11.5600789913413
10X_P7_4_GATCGCGGTTGCGCAC	2678	8247	0	14.5871225900327
10X_P7_4_GATCGTATCTCGGACG	2744	7113	0	15.0991142977647
10X_P7_4_GATCTAGGTCTAGAGG	3466	15755	0	22.4119327197715
10X_P7_4_GATCTAGTCTTTACAC	326	5692	0	0.702740688685875
10X_P7_4_GATGAAAAGAAGATTC	2883	7883	0	12.7743244957503
10X_P7_4_GATGAAAAGACGACGT	1859	5857	0	31.3471060269763
10X_P7_4_GATTCAGCACAGCGTC	2399	6109	0	17.2368636438042
10X_P7_4_GATTCAGGTAATCGTC	84	1936	0	1.18801652892562
10X_P7_4_GCAAACTAGCCCTAAT	2652	7965	0	12.7558066541117
10X_P7_4_GCAAACTGTCAGAGGT	1782	3890	0	17.6863753213368
10X_P7_4_GCAAACTGTTTCCACC	1548	3230	0	14.6130030959752
10X_P7_4_GCACTCTGTAAACCTC	2237	5672	0	17.9301833568406
10X_P7_4_GCAGCCAGTTGAACTC	3200	10674	0	12.2540753232153
10X_P7_4_GCAGTTAAGTATTGGA	1991	4380	0	20.5936073059361
10X_P7_4_GCAGTTATCGCACTCT	1671	3656	0	13.04704595186
10X_P7_4_GCATACATCCCTGACT	2571	6885	0	11.5032679738562
10X_P7_4_GCATGCGCAGCTGCTG	3778	16895	0	11.8141461970997
10X_P7_4_GCATGTACACCTCGTT	1375	2958	0	5.17241379310345
10X_P7_4_GCCAAATAGATATACG	1827	4583	0	23.4998909011564
10X_P7_4_GCCAAATCACCATCCT	3400	9761	0	10.1116688863846
10X_P7_4_GCCTCTACATCGGAAG	4230	14073	0	15.6256661692603
10X_P7_4_GCCTCTATCAAGAAGT	1432	2749	0	12.7319025100036
10X_P7_4_GCGACCAAGTGACATA	2162	6446	0	8.4548557244803
10X_P7_4_GCGAGAAGTCGAGTTT	2553	6850	0	20.9051094890511
10X_P7_4_GCGCCAAAGGCATTGG	5216	21971	0	16.9177552227937
10X_P7_4_GCGCGATGTGCTGTAT	799	1624	0	9.05172413793103
10X_P7_4_GCGCGATTCTTGCATT	2247	5558	0	12.0007196833393
10X_P7_4_GCTCCTAGTCTAAAGA	2422	6493	0	17.973201909749
10X_P7_4_GCTCTGTAGTCGTTTG	1060	1766	0	11.8346545866365
10X_P7_4_GCTCTGTGTCTAAAGA	1408	2812	0	12.5177809388336
10X_P7_4_GCTGCAGAGCCCTAAT	2007	5124	0	22.8922716627635
10X_P7_4_GCTGCAGTCAACGGGA	2230	4976	0	10.9123794212219
10X_P7_4_GCTGCAGTCGTTTGCC	2108	5451	0	16.5107319757843
10X_P7_4_GCTGCAGTCTGCGACG	686	1602	0	10.9862671660424
10X_P7_4_GCTGCGAAGAACAACT	2488	6815	0	22.9200293470286
10X_P7_4_GCTGCGAGTAAACGCG	2123	4890	0	17.280163599182
10X_P7_4_GCTGCGATCGAATGCT	2012	4788	0	14.6825396825397
10X_P7_4_GCTGCTTCAGCTGTAT	2450	6371	0	24.2034217548266
10X_P7_4_GCTGCTTGTCCGAAGA	332	449	0	18.4855233853007
10X_P7_4_GCTGCTTTCCAATGGT	2417	7430	0	28.6137281292059
10X_P7_4_GCTGGGTCAATGAATG	1672	3863	0	7.63655190266632
10X_P7_4_GCTTCCAAGTGAAGTT	3607	16329	0	18.6110600771633
10X_P7_4_GCTTCCACACGAGGTA	3301	9913	0	12.619792192071
10X_P7_4_GGAAAGCAGGAGTAGA	2705	7289	0	18.1231993414735
10X_P7_4_GGAACTTTCACCCTCA	133	3118	0	0.609364977549711
10X_P7_4_GGAACTTTCTGAGTGT	1893	6022	0	40.484888741282
10X_P7_4_GGACAGAAGTCAAGGC	2806	7437	0	17.1977948097351
10X_P7_4_GGACGTCAGGGTGTTG	1667	3338	0	18.3043738765728
10X_P7_4_GGACGTCCACGCGAAA	2575	5287	0	11.7079629279364
10X_P7_4_GGAGCAACATTACGAC	143	3518	0	0.596930073905628
10X_P7_4_GGAGCAATCTGTCAAG	1727	3752	0	16.8710021321962
10X_P7_4_GGATGTTAGTGTACGG	1622	3132	0	17.7841634738186
10X_P7_4_GGATGTTTCGTGGTCG	1513	3433	0	19.4290707835712
10X_P7_4_GGATTACAGAGGACGG	1854	5090	0	7.56385068762279
10X_P7_4_GGATTACCACGGTAAG	2629	7140	0	14.2016806722689
10X_P7_4_GGATTACGTGCCTGTG	742	2072	0	12.5
10X_P7_4_GGCAATTCATGATCCA	4225	13182	0	11.417083902291
10X_P7_4_GGCAATTGTAAATACG	1903	5208	0	24.8655913978495
10X_P7_4_GGCCGATCAAGGACTG	1068	1828	0	8.86214442013129
10X_P7_4_GGCGACTCAAATCCGT	2922	7957	0	17.0918687947719
10X_P7_4_GGCGACTCAGTATAAG	1413	4189	0	14.6096920506087
10X_P7_4_GGCGTGTCAATCCAAC	1169	2152	0	22.9553903345725
10X_P7_4_GGCGTGTTCGTGGACC	81	2251	0	0.621945801865837
10X_P7_4_GGCTCGACAAGCTGTT	3246	10687	0	16.1130345279311
10X_P7_4_GGCTCGATCACATACG	935	1742	0	20.6084959816303
10X_P7_4_GGCTGGTCAGGGCATA	1156	1894	0	13.3579725448786
10X_P7_4_GGCTGGTGTGTCGCTG	6054	33809	0	21.1984974415097
10X_P7_4_GGGAATGTCCGCAGTG	2688	6809	0	14.9361139668086
10X_P7_4_GGGACCTCACTCTGTC	1308	2632	0	16.1094224924012
10X_P7_4_GGGACCTCAGACGCAA	2849	9363	0	12.8484460108939
10X_P7_4_GGGACCTGTTATCGGT	2374	5616	0	4.30911680911681
10X_P7_4_GGGAGATAGGTGCTTT	2568	7218	0	9.40703796065392
10X_P7_4_GGGATGATCCGAAGAG	954	2341	0	32.4220418624519
10X_P7_4_GGGCATCCAGTCGATT	3166	10459	0	20.6998757051343
10X_P7_4_GGGCATCGTACCCAAT	2138	5759	0	13.1272790415003
10X_P7_4_GGGTCTGCATTGTGCA	2930	8365	0	9.76688583383144
10X_P7_4_GGTATTGCACAGAGGT	2573	7338	0	19.664758789861
10X_P7_4_GGTATTGGTCGGCACT	2208	6037	0	24.8799072386947
10X_P7_4_GGTGAAGTCGACCAGC	1577	3391	0	14.8628723090534
10X_P7_4_GGTGCGTGTATATCCG	1412	3018	0	23.3267064280981
10X_P7_4_GGTGTTAAGCTAGTGG	1712	3484	0	8.18025258323766
10X_P7_4_GGTGTTATCAGTGCAT	1878	4719	0	22.4623860987497
10X_P7_4_GTAACGTAGCTAACAA	1998	4380	0	19.3835616438356
10X_P7_4_GTAACGTGTCTTGTCC	1767	4348	0	19.9862005519779
10X_P7_4_GTAACGTGTTGAGTTC	1429	2563	0	10.222395630121
10X_P7_4_GTAACGTGTTTGCATG	1596	3004	0	9.72037283621838
10X_P7_4_GTAACTGGTAAGTTCC	2193	5687	0	17.8828908035871
10X_P7_4_GTAACTGGTCGCGTGT	2617	6766	0	16.7159326041975
10X_P7_4_GTAGGCCAGCTAACAA	1973	4765	0	24.9317943336831
10X_P7_4_GTAGGCCCAGCCTATA	1171	2118	0	10.3871576959396
10X_P7_4_GTAGGCCTCAACGGGA	2046	4639	0	14.227204138823
10X_P7_4_GTAGGCCTCTCGAGTA	2553	6909	0	12.6935880735273
10X_P7_4_GTATCTTAGGTGATAT	4748	15449	0	11.567091721147
10X_P7_4_GTATCTTTCATCGGAT	2522	6621	0	16.5684941851684
10X_P7_4_GTATTCTTCACCATAG	5337	22825	0	14.8959474260679
10X_P7_4_GTATTCTTCCGTCATC	3056	8324	0	17.7799135031235
10X_P7_4_GTCAAGTAGAGGTTGC	4379	14832	0	14.111380798274
10X_P7_4_GTCACAAGTTCCTCCA	830	1332	0	6.15615615615616
10X_P7_4_GTCACGGCATGGATGG	3003	8464	0	19.5297731568998
10X_P7_4_GTCATTTAGTGTGAAT	2167	5031	0	19.3400914331147
10X_P7_4_GTCATTTGTAGGAGTC	3708	11186	0	18.2281423207581
10X_P7_4_GTCATTTTCACCGTAA	946	1426	0	8.76577840112202
10X_P7_4_GTCATTTTCCCAACGG	2033	5136	0	24.1627725856698
10X_P7_4_GTCCTCACATTCTCAT	2295	5864	0	17.7353342428377
10X_P7_4_GTCCTCATCTGTCCGT	855	2201	0	13.3575647432985
10X_P7_4_GTCGTAAAGCTGATAA	2281	5779	0	14.8814673819
10X_P7_4_GTCGTAATCCTAGGGC	3847	12405	0	21.1527609834744
10X_P7_4_GTCGTAATCTTTAGTC	2260	6874	0	14.7366889729415
10X_P7_4_GTCTTCGAGCGTCTAT	2610	7984	0	19.1382765531062
10X_P7_4_GTGCAGCAGATGCGAC	3939	13290	0	13.6117381489842
10X_P7_4_GTGCAGCGTTGGAGGT	686	1374	0	9.24308588064047
10X_P7_4_GTGCATACACGCTTTC	4578	15816	0	15.5981284774911
10X_P7_4_GTGCATACATGGTCTA	1141	2076	0	18.8342967244701
10X_P7_4_GTGCGGTCACGAAATA	2848	10517	0	8.99496054007797
10X_P7_4_GTGCTTCCACATAACC	2262	7322	0	7.06091231903851
10X_P7_4_GTGGGTCAGAGGTTGC	3140	12667	0	7.21559958948449
10X_P7_4_GTGGGTCCAAGCTGAG	2113	5618	0	15.2011391954432
10X_P7_4_GTGGGTCTCCAGAGGA	2093	5224	0	14.4333843797856
10X_P7_4_GTGTTAGAGCTGCAAG	1189	2211	0	12.1664405246495
10X_P7_4_GTGTTAGCAACTGCTA	1834	3694	0	9.98917162966974
10X_P7_4_GTTAAGCCATTCTCAT	3590	11875	0	17.0189473684211
10X_P7_4_GTTAAGCTCAAGGTAA	2353	6841	0	23.2860692881158
10X_P7_4_GTTCATTAGAGTCTGG	1907	4026	0	15.6731246895181
10X_P7_4_GTTCGGGAGCTTATCG	2576	6611	0	15.4439570412948
10X_P7_4_GTTCTCGAGGCATGTG	2130	4965	0	14.1792547834844
10X_P7_4_GTTCTCGAGTACGTTC	2015	6164	0	15.460739779364
10X_P7_4_GTTCTCGGTCTAGCGC	1511	3075	0	16.0975609756098
10X_P7_4_GTTTCTACAGATCCAT	5524	27355	0	13.3869493694023
10X_P7_4_TAAACCGAGCCACCTG	2508	6153	0	12.6767430521697
10X_P7_4_TAAGAGACACGTAAGG	3122	9172	0	17.6188399476668
10X_P7_4_TAAGAGACATGGATGG	2595	8061	0	27.5151966257288
10X_P7_4_TAAGAGATCCCGGATG	1752	3556	0	18.4195725534308
10X_P7_4_TACAGTGGTTCCACGG	2746	11561	0	18.3721131390018
10X_P7_4_TACCTATAGCGAGAAA	2476	6798	0	19.9617534568991
10X_P7_4_TACCTATGTCGCATCG	4649	17952	0	18.6887254901961
10X_P7_4_TACCTTAGTCCAACTA	1618	3735	0	21.1512717536814
10X_P7_4_TACCTTATCGTGGGAA	1563	3925	0	4.53503184713376
10X_P7_4_TACGGATAGGCAATTA	2002	4238	0	15.1014629542237
10X_P7_4_TACGGATCATGGAATA	2908	7929	0	19.4097616345062
10X_P7_4_TACGGATGTATAAACG	3759	13854	0	22.2390645300996
10X_P7_4_TACGGGCAGTCTCGGC	2513	5807	0	12.2266230411572
10X_P7_4_TACGGTAAGAGTAATC	3032	8794	0	20.4116443029338
10X_P7_4_TACGGTAAGCTACCTA	4046	14855	0	19.8182430158196
10X_P7_4_TACGGTACAAGTTCTG	2188	4826	0	12.992125984252
10X_P7_4_TACTCATTCAAGGTAA	2266	5122	0	18.7817258883249
10X_P7_4_TACTCGCGTCTTGCGG	2542	6493	0	21.161250577545
10X_P7_4_TACTTACTCTCCAACC	2782	9063	0	15.4915590863952
10X_P7_4_TAGCCGGGTCGAACAG	2921	8093	0	12.0845174842456
10X_P7_4_TAGCCGGGTTCGTGAT	816	1938	0	14.0350877192982
10X_P7_4_TAGGCATGTCTCCATC	3513	10924	0	15.9190772610765
10X_P7_4_TAGGCATTCAAACCAC	1722	3991	0	18.5417188674518
10X_P7_4_TAGTTGGAGTGTTGAA	2306	6979	0	16.5783063476143
10X_P7_4_TAGTTGGGTAGTACCT	953	1700	0	14.4117647058824
10X_P7_4_TAGTTGGTCACGAAGG	2287	5373	0	10.5899869718965
10X_P7_4_TATCTCAAGCTACCTA	4085	14693	0	22.0377050296059
10X_P7_4_TATCTCACAAGGACAC	2243	4952	0	14.0549273021002
10X_P7_4_TATCTCACAATCACAC	1086	2629	0	31.9513122860403
10X_P7_4_TATTACCCACCGAAAG	1096	2918	0	34.4756682659356
10X_P7_4_TATTACCTCGTAGGTT	2347	6100	0	14.1147540983607
10X_P7_4_TCAACGAAGACGCTTT	2832	8517	0	16.5316425971586
10X_P7_4_TCAACGATCTTTAGGG	1909	4497	0	16.7667333778074
10X_P7_4_TCACAAGAGTAGCGGT	1172	2899	0	34.6671265953777
10X_P7_4_TCAGCTCAGTCGCCGT	1503	2872	0	12.4303621169916
10X_P7_4_TCAGCTCAGTGCTGCC	2511	8160	0	7.1078431372549
10X_P7_4_TCAGCTCGTGGACGAT	2159	6987	0	17.0602547588378
10X_P7_4_TCAGCTCGTTGATTGC	2629	6679	0	15.8706393172631
10X_P7_4_TCAGGATAGACAGGCT	74	2135	0	1.07728337236534
10X_P7_4_TCAGGATCACTGTGTA	2403	5775	0	13.8354978354978
10X_P7_4_TCAGGATGTCTAGTCA	4165	14153	0	16.8091570691726
10X_P7_4_TCAGGTACATAACCTG	5898	30247	0	16.199953714418
10X_P7_4_TCATTACCACATCTTT	2406	6237	0	18.8552188552189
10X_P7_4_TCATTACTCACCGTAA	3716	12778	0	13.2023790890593
10X_P7_4_TCATTTGTCCACTCCA	158	3576	0	0.643176733780761
10X_P7_4_TCCACACCACTCGACG	3192	11698	0	8.00991622499573
10X_P7_4_TCCCGATTCCATGAAC	2149	5842	0	13.1290653885656
10X_P7_4_TCCCGATTCCGTAGGC	2985	8737	0	10.4841478768456
10X_P7_4_TCGAGGCGTATGCTTG	2446	6400	0	15.546875
10X_P7_4_TCGAGGCTCTGAGTGT	2135	4561	0	14.8870861653146
10X_P7_4_TCGCGAGGTTGGGACA	2221	5199	0	20.1000192344682
10X_P7_4_TCGGGACAGTCAAGGC	1527	3347	0	7.46937556020317
10X_P7_4_TCGGGACCAGGTGCCT	2543	8184	0	18.9882697947214
10X_P7_4_TCGGGACCATCACCCT	2062	5151	0	7.72665501844302
10X_P7_4_TCGGGACGTTCGGGCT	1821	3873	0	13.8135812032017
10X_P7_4_TCGGTAACATTGGCGC	3066	8810	0	14.4381384790011
10X_P7_4_TCGTACCAGTTACGGG	2502	7193	0	20.5616571666898
10X_P7_4_TCGTACCTCAACGCTA	1429	3537	0	25.1060220525869
10X_P7_4_TCGTACCTCTGTACGA	1271	3355	0	30.3427719821162
10X_P7_4_TCGTAGATCGCATGGC	747	1316	0	26.8996960486322
10X_P7_4_TCTATTGCACTGAAGG	2162	6137	0	28.1081961870621
10X_P7_4_TCTCATAGTGTAACGG	2617	7880	0	9.83502538071066
10X_P7_4_TCTGAGACAGCTGTGC	2503	8364	0	7.75944524151124
10X_P7_4_TCTGGAATCGAGCCCA	1380	3001	0	16.9610129956681
10X_P7_4_TCTTCGGGTAGGACAC	1568	4086	0	5.26186979931473
10X_P7_4_TCTTTCCGTCGCGTGT	2464	6716	0	20.577724836212
10X_P7_4_TGACAACAGATATGGT	2962	9345	0	12.2525414660246
10X_P7_4_TGACGGCAGAGAGCTC	2828	7153	0	16.9159793093807
10X_P7_4_TGACGGCGTAAGTAGT	2075	5371	0	18.767454850121
10X_P7_4_TGACTTTCATTCTCAT	1785	3405	0	9.80910425844347
10X_P7_4_TGACTTTTCAAACCGT	2332	5229	0	8.95008605851979
10X_P7_4_TGACTTTTCGTAGATC	2933	8003	0	11.3957266025241
10X_P7_4_TGAGCATCATGCTGGC	3373	10169	0	18.6449011702232
10X_P7_4_TGAGCCGGTCGGCATC	2141	4939	0	14.3956266450699
10X_P7_4_TGAGGGAAGCGTGAAC	1490	2646	0	8.42781557067271
10X_P7_4_TGAGGGACATACCATG	2611	7760	0	8.09278350515464
10X_P7_4_TGCACCTCAAGTTCTG	1946	4706	0	6.69358266043349
10X_P7_4_TGCACCTCAGCCTGTG	2217	5264	0	16.0714285714286
10X_P7_4_TGCACCTTCCAAGTAC	3054	8907	0	17.0427753452341
10X_P7_4_TGCCAAAGTGTGCCTG	2745	9919	0	7.41002117148906
10X_P7_4_TGCCCATTCGGTCTAA	74	1375	0	1.30909090909091
10X_P7_4_TGCCCATTCTGCTTGC	1203	2472	0	18.2847896440129
10X_P7_4_TGCCCTACATGGAATA	914	1500	0	9.13333333333333
10X_P7_4_TGCGCAGCACTTCGAA	1944	4345	0	10.6098964326812
10X_P7_4_TGCGGGTCAGATGGGT	2082	4794	0	19.2740926157697
10X_P7_4_TGCGGGTCATCGACGC	344	7136	0	0.616591928251121
10X_P7_4_TGCGGGTGTATGGTTC	1704	3851	0	17.8654894832511
10X_P7_4_TGCGTGGGTAGCTGCC	3657	11286	0	24.3841928052454
10X_P7_4_TGCGTGGTCCAGGGCT	3136	8875	0	13.8478873239437
10X_P7_4_TGCTACCCAAGAAGAG	103	2620	0	0.610687022900763
10X_P7_4_TGCTACCTCACAAACC	2831	9745	0	10.5900461775269
10X_P7_4_TGCTACCTCCCTTGCA	2855	9358	0	8.80530027783714
10X_P7_4_TGCTGCTCATCGACGC	2342	6552	0	11.0805860805861
10X_P7_4_TGCTGCTGTAACGTTC	1506	2812	0	9.38833570412518
10X_P7_4_TGCTGCTTCACAGGCC	177	3959	0	0.858802727961606
10X_P7_4_TGGACGCCACGGACAA	2014	4484	0	13.2471008028546
10X_P7_4_TGGACGCCACTTACGA	2548	6694	0	15.7902599342695
10X_P7_4_TGGACGCCAGCCAGAA	265	4925	0	0.852791878172589
10X_P7_4_TGGACGCGTTACGACT	1133	2031	0	8.51797144263909
10X_P7_4_TGGACGCTCTGGCGTG	913	1489	0	9.26796507723304
10X_P7_4_TGGCGCAGTAAGTAGT	2368	11126	0	8.26891964767212
10X_P7_4_TGGCTGGTCGAATGCT	1806	4231	0	18.7898841881352
10X_P7_4_TGGGAAGAGGCGCTCT	1604	3339	0	12.9080563042827
10X_P7_4_TGGGAAGGTACAAGTA	2954	10632	0	15.4909706546275
10X_P7_4_TGGGCGTCATAGGATA	2580	6231	0	11.6032739528166
10X_P7_4_TGGTTAGCAAGAAGAG	3874	14081	0	12.825793622612
10X_P7_4_TGGTTAGCATGTCGAT	1997	4523	0	21.2690692018572
10X_P7_4_TGTATTCAGCAGCCTC	2708	7343	0	15.5930818466567
10X_P7_4_TGTATTCAGCGAAGGG	1872	4092	0	11.5102639296188
10X_P7_4_TGTCCCACAGCTGTTA	2409	7953	0	7.33056708160443
10X_P7_4_TGTCCCAGTCGCGTGT	1195	2381	0	19.487610247795
10X_P7_4_TGTGGTAGTTCCAACA	970	1914	0	18.5997910135841
10X_P7_4_TGTGTTTCATTACGAC	1922	5840	0	20.6506849315068
10X_P7_4_TTAGGCACAGAAGCAC	3625	11306	0	18.9633822748983
10X_P7_4_TTAGGCAGTACTCGCG	1496	2868	0	11.6108786610879
10X_P7_4_TTAGTTCAGCTAACAA	3106	9300	0	16.8709677419355
10X_P7_4_TTAGTTCCATCCGGGT	2590	6468	0	17.8416821273964
10X_P7_4_TTAGTTCGTCTTCTCG	1342	2495	0	11.8236472945892
10X_P7_4_TTAGTTCTCTCTGCTG	1580	3336	0	13.5491606714628
10X_P7_4_TTATGCTTCCCAAGTA	3369	10825	0	19.0577367205543
10X_P7_4_TTATGCTTCCTTAATC	3127	9299	0	17.0233358425637
10X_P7_4_TTCCCAGCATAAGACA	1868	4755	0	24.9211356466877
10X_P7_4_TTCCCAGGTTGTTTGG	1383	2640	0	9.24242424242424
10X_P7_4_TTCGGTCAGACAATAC	2317	5361	0	13.3557172169371
10X_P7_4_TTCGGTCCAATCCGAT	3296	9275	0	14.3827493261456
10X_P7_4_TTCGGTCCACTGTTAG	2642	6264	0	20.0351213282248
10X_P7_4_TTCGGTCTCAGCTCTC	624	1341	0	13.6465324384787
10X_P7_4_TTCTACAAGAGCAATT	1927	4095	0	9.98778998778999
10X_P7_4_TTCTCCTTCACCGTAA	3222	10009	0	12.8484364072335
10X_P7_4_TTCTTAGGTTTGGGCC	823	1966	0	10.1729399796541
10X_P7_4_TTCTTAGTCATGGTCA	808	1710	0	29.0643274853801
10X_P7_4_TTGCCGTAGCTATGCT	2243	4861	0	8.86648837687719
10X_P7_4_TTGCCGTGTTGCGCAC	1898	4894	0	13.7719656722517
10X_P7_4_TTGCCGTGTTGTTTGG	2805	7884	0	11.0096397767631
10X_P7_4_TTGCGTCAGCAGATCG	693	2128	0	6.71992481203008
10X_P7_4_TTGGAACAGTTGCAGG	2260	6431	0	25.1593842326232
10X_P7_4_TTGGCAAAGTGGTAAT	343	6613	0	0.907303795554211
10X_P7_4_TTGTAGGAGGTGGGTT	2622	7659	0	14.7147147147147
10X_P7_4_TTTACTGCAGACGCTC	2417	6647	0	22.4161275763502
10X_P7_4_TTTATGCTCGATAGAA	2860	7936	0	21.7489919354839
10X_P7_4_TTTCCTCGTATCACCA	2856	12136	0	8.70138431114041
10X_P7_4_TTTCCTCTCCAGGGCT	2504	6454	0	11.3882863340564
10X_P7_4_TTTGCGCAGGACAGCT	1637	3312	0	9.23913043478261
10X_P7_4_TTTGGTTCAGACTCGC	1368	3236	0	6.42768850432633
10X_P7_4_TTTGTCAAGTGGAGAA	2009	5520	0	4.69202898550725
10X_P7_4_TTTGTCACAAGCCATT	2596	7256	0	23.787210584344
10X_P7_4_TTTGTCAGTCGATTGT	1911	3920	0	10.4081632653061
10X_P7_4_TTTGTCAGTGCGCTTG	3049	8656	0	11.8068391866913
